CustomerID,Age,SubscriptionType,MonthlyCharges,TotalUsageHours,SupportTickets,ContractDuration_Months,TenureMonths,NumProducts,Churn
1,60,Standard,88.63,469.0,2,1,15,3,0
2,50,Basic,32.49,110.7,2,1,29,3,0
3,36,Basic,20.63,505.5,2,12,59,3,0
4,64,Basic,20.69,34.6,3,12,18,1,0
5,29,Basic,56.66,151.4,3,24,49,1,0
6,42,Standard,89.37,381.2,4,12,46,4,0
7,60,Standard,78.13,243.9,1,1,46,4,0
8,40,Basic,25.31,591.0,1,12,19,2,0
9,44,Standard,78.51,47.3,4,24,29,4,0
10,32,Standard,83.85,599.2,3,24,6,3,0
11,32,Basic,57.54,385.5,2,1,45,2,0
12,45,Basic,36.59,348.5,2,12,50,1,0
13,57,Premium,143.83,63.9,2,1,58,2,1
14,61,Standard,93.25,185.8,2,12,47,2,0
15,45,Basic,22.77,557.1,3,1,55,4,0
16,24,Standard,77.32,231.9,4,24,27,2,0
17,43,Basic,49.32,407.1,2,12,7,3,0
18,23,Standard,77.14,599.7,4,24,27,3,0
19,45,Basic,25.54,179.9,1,24,19,1,0
20,65,Basic,43.15,358.4,0,1,17,1,1
21,51,Basic,42.78,427.0,3,12,41,2,0
22,59,Premium,95.3,123.8,6,24,11,1,0
23,23,Standard,91.67,114.7,3,12,5,2,0
24,42,Basic,34.86,290.1,3,12,2,1,0
25,54,Basic,44.74,249.9,3,1,47,1,0
26,33,Standard,97.2,437.1,4,12,56,1,0
27,43,Basic,38.77,69.6,3,1,12,1,0
28,65,Basic,37.72,584.1,4,12,42,1,0
29,46,Premium,137.46,38.1,4,1,42,4,0
30,48,Basic,54.44,372.8,1,1,52,1,1
31,63,Standard,64.9,350.7,3,1,11,4,0
32,49,Premium,104.25,106.8,1,1,10,4,0
33,37,Basic,40.16,116.0,1,12,28,4,0
34,36,Basic,57.97,481.8,3,1,7,2,0
35,65,Basic,53.31,535.9,2,1,14,3,0
36,24,Premium,120.23,191.3,0,24,13,1,0
37,58,Premium,132.23,279.6,2,12,5,1,0
38,28,Premium,122.35,232.3,0,24,51,3,0
39,42,Basic,57.0,71.4,1,24,42,1,0
40,30,Premium,110.99,413.7,5,1,8,4,1
41,60,Premium,149.11,500.4,1,1,50,2,0
42,39,Standard,93.98,203.8,2,1,1,2,0
43,25,Premium,112.63,594.4,1,24,5,1,0
44,46,Premium,149.8,73.2,0,24,11,3,0
45,35,Standard,75.0,407.2,0,1,52,2,0
46,30,Standard,68.65,285.5,1,1,43,3,0
47,47,Basic,52.41,284.6,2,12,48,2,0
48,23,Basic,36.55,290.9,4,1,10,1,0
49,41,Standard,67.05,177.4,2,12,15,1,0
50,49,Basic,21.69,437.9,2,24,39,1,0
51,28,Premium,140.89,441.3,1,12,47,1,0
52,65,Premium,140.82,191.0,3,24,29,1,0
53,29,Premium,133.4,506.1,3,1,25,1,1
54,56,Basic,22.42,210.6,4,12,48,3,0
55,35,Basic,47.42,443.3,1,24,6,2,0
56,38,Basic,21.0,99.0,3,12,11,1,1
57,57,Standard,83.6,126.2,1,12,17,2,0
58,61,Premium,127.04,210.0,4,12,15,2,0
59,25,Premium,133.44,368.5,0,24,16,2,1
60,23,Standard,65.16,397.9,5,1,56,2,0
61,27,Premium,102.71,255.9,3,1,2,1,0
62,63,Premium,124.93,74.4,2,1,36,1,1
63,25,Basic,58.14,243.0,4,24,19,1,0
64,50,Premium,100.23,422.6,3,24,38,1,0
65,39,Basic,43.38,412.5,0,1,50,2,0
66,47,Basic,53.35,121.3,1,1,21,3,1
67,65,Standard,99.28,34.4,0,24,11,1,0
68,55,Basic,23.14,459.2,4,1,41,3,0
69,31,Standard,93.33,90.6,4,1,3,3,0
70,57,Standard,57.37,76.9,3,1,34,1,0
71,35,Standard,59.7,31.5,1,1,18,4,0
72,52,Basic,48.11,276.6,4,12,15,1,0
73,36,Standard,78.92,316.9,1,1,25,4,0
74,29,Standard,75.61,393.5,5,12,54,1,0
75,35,Standard,72.86,198.8,0,24,50,1,0
76,44,Standard,74.4,434.9,3,1,51,2,0
77,61,Basic,29.85,126.5,0,1,15,4,0
78,42,Standard,55.09,504.2,4,24,30,1,0
79,37,Basic,43.87,356.0,1,24,17,3,0
80,66,Standard,78.32,362.8,2,1,18,3,0
81,39,Premium,122.7,149.6,3,1,31,1,0
82,45,Standard,62.84,72.2,1,1,50,2,0
83,47,Standard,79.61,294.9,1,12,43,2,0
84,46,Premium,117.27,380.9,2,1,18,1,1
85,66,Premium,122.85,84.2,3,12,55,3,0
86,62,Premium,148.43,571.8,1,1,35,4,1
87,50,Premium,110.19,588.8,2,24,13,3,0
88,36,Basic,28.65,340.9,4,1,14,4,0
89,66,Basic,47.65,571.5,2,12,59,1,0
90,22,Standard,60.61,132.3,1,1,36,1,0
91,46,Basic,44.76,44.5,0,1,18,3,0
92,28,Standard,57.37,52.5,3,12,5,3,0
93,30,Basic,51.04,364.9,1,12,14,1,0
94,45,Standard,79.93,65.1,2,12,25,1,0
95,22,Standard,68.41,576.4,2,12,44,3,0
96,65,Standard,75.48,110.9,0,1,57,1,0
97,29,Standard,62.36,203.7,3,12,39,1,0
98,45,Premium,137.33,498.8,1,1,12,2,0
99,32,Standard,82.95,154.7,4,1,40,4,0
100,38,Premium,113.57,168.5,4,12,53,3,0
101,29,Basic,42.08,396.1,4,24,53,3,0
102,56,Premium,136.16,187.4,2,12,28,1,0
103,56,Standard,74.74,153.9,2,24,35,2,0
104,54,Basic,26.72,174.9,5,24,54,1,0
105,26,Basic,39.0,309.7,0,1,1,4,0
106,63,Standard,89.41,580.7,2,24,3,2,0
107,60,Basic,57.7,504.4,5,12,43,2,0
108,62,Basic,22.99,192.2,5,24,50,3,1
109,49,Standard,66.33,237.1,0,12,7,1,0
110,28,Standard,92.07,294.8,2,12,9,4,0
111,30,Standard,58.84,588.0,1,12,36,1,0
112,29,Premium,141.53,128.3,1,1,23,1,1
113,33,Standard,77.46,233.8,3,24,24,1,0
114,55,Standard,68.34,445.8,3,1,10,3,0
115,54,Basic,26.22,579.4,4,1,50,3,0
116,44,Standard,74.44,118.7,2,1,55,1,0
117,45,Basic,45.22,159.6,4,1,48,1,0
118,58,Premium,120.09,158.6,4,1,12,4,1
119,56,Premium,122.08,41.9,4,1,19,1,1
120,65,Standard,81.33,374.3,3,12,32,2,0
121,61,Basic,34.62,412.3,3,12,24,2,0
122,43,Premium,140.47,373.4,3,1,22,3,0
123,48,Premium,140.69,70.7,1,1,3,2,0
124,56,Basic,59.01,69.5,1,24,40,2,0
125,22,Basic,26.8,149.9,3,1,27,4,0
126,56,Premium,137.45,195.5,6,1,19,1,1
127,58,Basic,51.07,478.3,0,1,9,1,0
128,35,Premium,136.16,120.9,3,1,59,1,0
129,24,Standard,83.94,55.1,2,12,51,4,0
130,22,Basic,30.85,254.6,7,1,49,3,0
131,26,Premium,108.11,267.3,3,12,13,1,1
132,47,Basic,53.17,287.0,4,1,2,3,0
133,35,Standard,75.02,501.3,6,12,36,2,0
134,60,Basic,44.69,85.9,2,12,29,4,0
135,48,Basic,26.24,431.2,1,1,11,1,0
136,30,Standard,72.4,222.6,2,1,34,3,1
137,36,Standard,91.95,206.7,1,1,4,2,0
138,36,Standard,98.63,561.5,0,12,4,1,0
139,47,Premium,109.04,171.6,1,1,52,3,0
140,63,Standard,77.81,396.2,6,12,1,1,1
141,34,Basic,26.97,186.8,1,1,25,2,0
142,53,Basic,55.02,319.1,2,1,26,3,0
143,60,Premium,126.55,478.2,4,1,11,2,0
144,53,Premium,140.18,532.6,1,1,23,1,0
145,25,Standard,74.65,508.1,4,1,2,4,0
146,51,Basic,48.61,361.8,0,1,19,1,1
147,58,Basic,31.28,171.8,5,12,29,2,0
148,44,Standard,82.13,406.9,1,1,40,3,0
149,60,Premium,116.59,434.6,2,12,55,4,0
150,66,Standard,99.92,36.1,2,12,52,2,1
151,36,Premium,140.77,280.3,0,12,4,1,0
152,64,Premium,110.11,510.7,2,24,57,3,0
153,50,Basic,46.57,309.1,5,1,16,1,1
154,57,Standard,70.65,207.5,3,1,47,1,0
155,34,Basic,21.8,526.9,4,12,37,4,0
156,53,Basic,25.05,118.9,2,12,27,2,1
157,28,Premium,133.87,147.7,1,12,5,1,0
158,43,Standard,94.57,421.8,1,1,15,2,0
159,49,Standard,78.14,230.9,1,12,23,1,1
160,23,Basic,20.63,436.4,0,24,49,1,0
161,63,Basic,40.91,119.9,1,1,3,1,1
162,66,Basic,38.83,173.8,2,24,18,3,0
163,27,Basic,46.24,119.3,2,1,43,3,0
164,49,Standard,81.48,573.2,1,1,26,2,0
165,49,Basic,47.48,261.1,4,1,6,1,0
166,65,Standard,59.37,222.2,2,12,59,3,0
167,65,Basic,24.68,38.1,4,12,44,2,0
168,41,Basic,51.99,117.4,1,12,54,2,0
169,51,Basic,24.93,270.0,3,12,58,3,0
170,32,Standard,93.62,69.0,0,1,17,2,0
171,49,Standard,75.86,321.1,2,1,46,2,0
172,46,Standard,90.29,289.4,3,1,38,4,0
173,60,Standard,97.61,467.3,0,24,42,2,0
174,54,Standard,67.38,406.1,4,1,48,2,1
175,22,Basic,52.71,284.2,3,24,50,2,1
176,48,Basic,40.41,158.1,4,1,27,1,0
177,34,Premium,141.76,444.3,0,1,20,3,0
178,62,Standard,96.12,433.5,2,1,6,3,0
179,24,Basic,54.78,117.4,1,1,51,1,1
180,60,Premium,139.57,551.4,4,24,35,1,0
181,27,Premium,115.59,66.7,1,12,12,4,0
182,29,Basic,57.29,61.4,5,24,48,2,0
183,48,Standard,86.48,136.8,2,24,3,1,0
184,30,Standard,68.81,548.4,0,12,48,1,0
185,58,Standard,57.57,326.4,2,12,4,2,0
186,54,Basic,54.19,479.1,1,12,57,1,0
187,63,Basic,26.61,159.9,2,12,52,1,0
188,65,Standard,59.61,309.4,3,1,45,3,0
189,45,Standard,55.54,234.2,2,1,4,3,0
190,36,Premium,141.62,501.9,1,12,4,1,1
191,53,Standard,87.21,42.9,4,1,39,1,0
192,53,Basic,44.15,169.0,0,12,21,2,0
193,45,Standard,99.24,117.0,5,24,44,1,0
194,62,Basic,42.35,519.7,1,12,2,1,1
195,33,Standard,94.12,296.5,0,12,16,1,0
196,60,Standard,88.16,260.4,2,1,7,1,0
197,23,Basic,30.11,286.2,1,24,19,1,0
198,24,Standard,80.77,584.0,0,1,43,4,1
199,58,Basic,55.76,514.7,3,24,33,1,0
200,38,Basic,33.5,432.6,1,24,9,1,0
201,23,Basic,49.18,195.6,1,24,37,1,0
202,23,Basic,42.93,124.1,4,1,58,2,0
203,49,Premium,147.89,555.2,1,1,17,3,0
204,44,Standard,70.03,271.2,3,24,27,2,0
205,58,Basic,21.01,188.9,1,24,33,3,0
206,53,Standard,83.4,298.4,0,24,49,1,0
207,54,Basic,40.8,553.2,2,12,12,3,0
208,22,Premium,114.1,250.6,4,12,57,1,0
209,40,Standard,78.13,350.7,2,1,45,1,1
210,23,Premium,115.51,487.7,0,24,56,1,0
211,65,Basic,44.94,273.5,1,12,11,1,0
212,47,Standard,78.72,163.1,0,1,13,2,0
213,53,Standard,81.21,596.9,1,1,31,2,0
214,27,Premium,126.73,575.2,3,12,13,3,1
215,53,Basic,29.28,510.8,6,12,38,1,0
216,25,Basic,30.61,422.4,2,1,26,2,0
217,32,Premium,143.75,198.1,4,1,31,1,0
218,38,Standard,63.52,550.6,2,1,22,2,1
219,59,Basic,31.76,187.1,2,1,6,1,0
220,45,Basic,29.48,486.5,3,24,20,1,0
221,26,Premium,100.75,553.4,3,12,21,2,0
222,55,Basic,57.79,373.7,2,12,10,3,0
223,27,Standard,78.65,487.7,3,24,19,2,0
224,43,Premium,144.17,481.3,1,1,35,1,1
225,32,Basic,51.43,140.1,6,12,26,1,0
226,37,Standard,99.92,410.7,2,24,7,1,0
227,54,Basic,20.26,83.3,4,12,37,2,0
228,30,Basic,50.9,319.5,4,1,8,2,0
229,27,Premium,136.58,122.5,0,12,5,1,0
230,37,Premium,130.21,267.3,2,24,44,1,0
231,50,Standard,74.83,504.8,0,1,36,2,0
232,24,Standard,66.72,592.7,3,1,51,1,0
233,41,Basic,48.16,211.2,2,24,28,1,0
234,57,Basic,57.41,333.2,5,24,50,2,1
235,40,Basic,35.03,321.4,4,12,3,1,0
236,47,Basic,48.32,574.0,2,1,39,3,0
237,24,Basic,39.03,302.8,0,1,8,3,1
238,40,Basic,46.98,428.5,8,12,15,1,1
239,41,Basic,50.52,555.4,8,24,53,1,0
240,53,Basic,21.82,242.8,4,1,27,1,0
241,28,Standard,89.17,544.2,0,1,49,2,0
242,62,Premium,134.67,553.0,3,24,51,4,0
243,54,Basic,46.8,560.5,1,1,36,1,0
244,61,Premium,141.75,184.2,2,12,16,3,0
245,60,Premium,134.94,258.2,2,1,26,2,0
246,39,Basic,24.94,526.1,1,24,45,3,0
247,61,Premium,111.45,234.7,1,24,44,3,0
248,22,Standard,69.5,372.1,0,1,4,3,0
249,32,Standard,89.96,97.3,0,24,12,2,0
250,49,Basic,57.14,62.1,4,24,17,3,0
251,46,Standard,84.72,264.8,1,24,58,1,0
252,44,Basic,51.84,360.0,1,1,41,4,0
253,52,Standard,85.28,253.8,2,12,44,2,0
254,51,Standard,77.38,359.3,1,1,26,2,0
255,63,Standard,97.76,323.6,2,1,31,4,0
256,56,Standard,68.5,420.9,1,12,15,3,0
257,28,Standard,55.86,400.2,4,1,52,3,0
258,37,Basic,56.6,271.8,3,12,34,1,0
259,47,Basic,27.57,272.2,2,12,29,4,0
260,23,Premium,146.38,110.2,2,24,9,3,0
261,22,Basic,47.82,322.5,1,24,14,2,0
262,33,Basic,44.43,364.7,2,1,36,4,0
263,26,Basic,27.99,301.6,0,12,4,1,0
264,58,Basic,22.22,215.7,5,12,59,1,0
265,53,Premium,104.48,441.3,3,1,38,2,0
266,30,Standard,57.16,72.6,3,1,56,1,1
267,62,Premium,125.55,551.2,4,24,37,2,0
268,56,Standard,55.66,41.8,5,1,24,1,1
269,40,Standard,96.45,578.5,1,24,17,1,0
270,37,Basic,53.4,293.5,4,24,13,2,0
271,24,Standard,65.0,265.2,2,12,20,2,0
272,41,Basic,34.64,176.2,4,24,17,1,1
273,45,Premium,134.54,35.7,0,1,51,1,1
274,54,Premium,126.32,186.6,6,24,27,2,0
275,45,Basic,37.24,92.4,1,24,55,3,0
276,32,Premium,102.78,406.1,2,1,33,3,0
277,29,Premium,143.54,211.9,1,12,21,1,1
278,57,Standard,92.47,467.3,0,12,17,2,0
279,59,Basic,31.7,147.9,1,1,22,1,1
280,61,Standard,96.02,543.1,2,24,25,1,0
281,41,Standard,96.76,328.1,2,1,3,4,1
282,56,Basic,21.66,95.3,5,12,27,1,0
283,46,Basic,45.48,258.5,1,1,27,1,1
284,56,Premium,134.12,147.9,0,12,46,1,0
285,46,Basic,46.14,143.8,0,24,12,4,0
286,50,Standard,57.5,318.6,3,12,15,2,0
287,39,Premium,125.82,413.0,3,24,38,2,0
288,67,Premium,133.22,549.6,4,12,20,2,0
289,39,Basic,43.99,316.2,1,1,22,1,0
290,23,Premium,113.71,580.5,1,1,2,3,1
291,56,Basic,34.02,566.7,7,1,4,1,1
292,37,Basic,56.52,523.1,5,1,45,2,0
293,62,Standard,64.25,315.0,1,1,13,2,1
294,57,Basic,38.22,110.3,2,24,55,1,0
295,54,Basic,47.12,154.2,0,24,32,1,0
296,25,Standard,79.56,399.2,5,1,59,2,0
297,54,Basic,33.88,270.4,1,1,22,1,1
298,35,Basic,37.43,113.7,3,1,25,1,0
299,42,Standard,78.44,303.0,2,24,27,1,0
300,41,Premium,102.95,39.9,2,12,55,3,0
301,29,Standard,58.2,448.3,1,12,17,3,0
302,28,Basic,32.53,71.9,2,12,6,3,0
303,24,Standard,70.11,388.6,1,12,43,2,0
304,38,Basic,23.56,482.0,1,1,51,2,0
305,54,Basic,59.67,105.6,1,1,16,1,0
306,33,Premium,104.76,325.6,0,1,8,1,0
307,43,Basic,59.39,474.1,6,1,33,3,1
308,43,Basic,57.56,178.6,2,24,10,3,0
309,67,Standard,75.36,122.9,4,1,34,3,0
310,51,Standard,88.01,222.0,0,1,19,2,1
311,59,Standard,92.8,346.2,1,24,14,3,0
312,59,Basic,29.6,357.9,2,1,3,4,0
313,66,Basic,48.41,104.6,2,1,55,1,1
314,29,Basic,30.92,290.8,1,24,56,1,0
315,48,Basic,33.66,182.9,1,12,41,2,0
316,48,Standard,60.61,510.0,1,1,23,1,0
317,55,Premium,116.18,208.7,1,12,40,3,0
318,42,Standard,65.32,508.1,3,12,11,1,0
319,51,Premium,143.1,274.3,3,1,47,2,0
320,54,Standard,57.46,444.2,0,12,6,2,0
321,49,Standard,55.8,320.7,7,12,34,2,0
322,54,Basic,45.9,384.5,2,24,1,1,0
323,26,Standard,62.75,255.4,2,24,35,4,0
324,40,Standard,74.39,467.9,3,1,25,1,0
325,25,Basic,31.77,272.4,2,12,29,3,0
326,56,Basic,24.59,290.8,3,1,23,3,1
327,38,Premium,139.32,325.1,0,1,18,1,1
328,65,Basic,51.37,504.1,1,1,14,4,0
329,49,Basic,38.5,405.8,4,12,17,2,0
330,51,Standard,55.31,229.0,2,12,2,2,0
331,50,Premium,97.55,412.1,3,1,31,2,0
332,67,Standard,85.85,396.2,3,24,19,2,0
333,27,Standard,65.18,560.7,4,24,32,1,0
334,56,Basic,34.27,509.6,2,12,54,3,0
335,62,Standard,94.92,399.0,2,1,28,2,0
336,58,Basic,31.8,224.7,1,24,41,1,0
337,45,Premium,143.91,474.4,2,24,8,3,0
338,50,Standard,93.57,357.9,4,1,42,3,0
339,67,Basic,37.6,591.6,5,1,41,2,0
340,52,Basic,49.19,171.1,1,24,59,1,0
341,56,Basic,57.61,75.4,3,12,59,1,0
342,54,Basic,44.15,69.8,1,12,40,1,0
343,42,Basic,54.53,394.8,2,1,39,2,0
344,53,Standard,80.8,565.4,4,12,22,4,0
345,44,Standard,59.43,31.1,2,1,24,1,1
346,54,Basic,39.43,443.7,1,1,38,1,0
347,24,Basic,24.68,404.5,3,12,2,3,0
348,39,Basic,47.29,447.4,3,1,41,1,0
349,46,Premium,149.04,232.6,3,12,41,1,0
350,63,Basic,25.48,497.7,5,24,19,2,0
351,52,Standard,76.33,55.5,2,12,41,3,0
352,24,Premium,141.22,460.6,2,12,2,3,0
353,61,Standard,67.21,182.2,1,1,28,3,0
354,67,Premium,113.63,301.8,1,1,32,1,0
355,45,Basic,34.21,498.9,1,24,19,3,0
356,53,Premium,142.19,184.7,1,1,16,1,0
357,43,Basic,28.72,135.6,3,1,30,1,0
358,44,Basic,20.61,418.3,4,12,22,1,0
359,23,Standard,85.63,334.0,2,12,14,1,0
360,48,Premium,136.22,323.2,2,1,52,1,1
361,63,Premium,129.68,176.4,4,1,56,2,1
362,23,Basic,40.93,49.9,2,24,1,2,0
363,47,Basic,47.99,263.9,4,1,45,1,0
364,38,Premium,146.3,90.7,1,1,54,3,0
365,61,Basic,42.42,546.4,0,1,2,3,0
366,54,Premium,110.86,53.5,7,1,22,1,1
367,30,Premium,130.12,276.0,3,12,46,1,0
368,64,Standard,57.08,59.8,0,12,33,1,0
369,60,Basic,51.2,84.5,0,24,15,1,0
370,50,Standard,96.07,405.6,2,1,50,3,0
371,63,Basic,23.03,398.9,1,1,41,1,0
372,47,Premium,122.52,48.8,2,1,22,1,0
373,56,Standard,91.25,30.6,1,1,40,1,0
374,46,Premium,116.56,74.9,3,1,39,3,0
375,45,Basic,29.05,464.9,2,1,41,1,0
376,34,Premium,147.51,363.2,0,1,41,2,0
377,28,Standard,65.66,51.7,2,12,11,1,0
378,57,Basic,47.99,308.2,3,1,4,3,0
379,66,Basic,44.68,435.9,0,1,7,4,0
380,41,Standard,83.36,525.3,0,1,21,2,1
381,22,Standard,99.48,562.4,5,1,7,3,0
382,29,Premium,132.45,216.6,3,12,4,3,0
383,67,Basic,51.58,107.4,2,1,12,3,1
384,37,Basic,49.93,165.0,2,1,58,3,0
385,35,Standard,78.48,472.4,2,1,27,1,1
386,33,Basic,29.85,583.7,4,1,59,2,1
387,44,Standard,90.18,295.8,2,24,17,4,0
388,36,Premium,112.51,204.1,1,24,20,1,0
389,49,Premium,115.97,274.6,2,1,31,4,0
390,55,Premium,149.49,203.7,3,12,26,2,0
391,23,Premium,108.62,176.2,3,1,31,2,0
392,53,Basic,25.77,368.4,1,1,35,2,0
393,44,Standard,78.16,39.0,1,1,9,3,0
394,43,Standard,86.9,177.9,2,24,5,1,0
395,46,Premium,117.84,407.0,0,1,52,1,0
396,43,Basic,28.73,48.3,1,24,48,3,0
397,43,Standard,57.45,77.4,3,1,8,4,0
398,63,Basic,42.98,197.2,0,1,21,2,0
399,27,Standard,61.46,530.3,2,24,16,1,0
400,36,Premium,127.27,466.0,2,24,51,1,0
401,64,Premium,129.34,42.6,2,24,16,4,0
402,58,Basic,49.81,316.0,1,12,18,1,0
403,54,Premium,98.87,186.6,2,1,47,2,0
404,29,Standard,68.77,399.7,0,1,56,1,1
405,65,Basic,51.76,441.3,0,1,28,1,0
406,65,Basic,26.33,521.8,2,1,18,1,0
407,26,Basic,22.07,301.0,1,24,14,1,0
408,60,Basic,42.29,596.8,1,12,56,3,0
409,25,Premium,142.01,588.6,7,24,48,1,0
410,27,Standard,88.88,532.8,0,1,37,1,0
411,66,Premium,105.13,357.7,0,12,40,2,0
412,53,Basic,56.52,256.9,3,24,16,4,0
413,51,Basic,42.63,237.7,1,12,21,2,0
414,56,Standard,68.49,36.9,1,1,1,1,0
415,61,Basic,25.58,172.0,0,12,11,1,1
416,37,Standard,83.57,439.7,7,12,11,2,0
417,34,Premium,96.97,374.1,3,24,2,3,0
418,63,Standard,70.51,552.4,2,1,32,1,0
419,51,Standard,72.56,58.5,2,1,54,1,1
420,40,Basic,28.17,118.5,2,12,19,3,0
421,38,Basic,20.67,479.9,3,1,56,2,1
422,40,Basic,47.17,234.3,2,12,5,2,0
423,49,Standard,66.2,97.5,1,1,3,1,0
424,47,Basic,36.83,598.0,1,24,28,1,0
425,58,Basic,44.07,478.7,0,24,26,1,0
426,47,Standard,83.2,263.0,0,1,23,1,1
427,44,Basic,32.47,499.3,3,1,30,4,0
428,30,Basic,29.99,417.9,3,12,8,1,0
429,33,Basic,46.17,480.3,2,24,36,2,0
430,22,Premium,107.57,494.7,2,1,29,2,1
431,22,Standard,70.54,78.3,1,1,13,1,0
432,55,Standard,62.77,385.1,4,12,59,3,0
433,53,Basic,53.79,33.9,2,12,25,2,0
434,46,Premium,101.51,54.8,3,1,22,4,1
435,61,Standard,98.16,545.3,3,12,46,1,0
436,66,Basic,40.49,330.7,2,24,33,1,0
437,22,Premium,141.01,449.5,2,1,37,1,1
438,37,Basic,21.76,507.9,3,12,53,1,0
439,60,Standard,70.45,571.3,2,1,7,2,1
440,26,Standard,55.86,525.5,0,1,23,3,0
441,43,Basic,29.26,305.5,1,1,6,1,0
442,50,Premium,131.38,221.5,3,1,15,4,0
443,24,Standard,83.45,118.1,4,24,15,2,0
444,33,Standard,74.59,258.2,5,12,40,2,0
445,47,Basic,32.79,238.9,3,1,34,1,1
446,37,Basic,37.53,349.0,1,1,14,1,0
447,58,Basic,55.97,409.3,2,12,29,3,0
448,43,Premium,117.13,587.6,1,1,16,1,0
449,50,Basic,37.76,445.2,5,1,29,3,0
450,35,Standard,94.51,396.9,4,12,23,2,0
451,49,Standard,67.11,221.0,1,24,10,3,0
452,26,Basic,41.51,49.7,1,1,47,3,1
453,51,Standard,72.23,194.2,5,12,55,1,0
454,67,Basic,28.68,468.0,3,1,4,2,0
455,26,Premium,137.71,147.0,1,12,12,1,0
456,33,Standard,74.81,435.9,1,12,42,2,0
457,37,Basic,21.17,360.5,1,24,34,1,0
458,47,Basic,56.29,128.0,0,12,4,2,0
459,47,Standard,81.89,179.1,3,1,20,1,0
460,42,Premium,95.85,312.9,3,1,28,4,0
461,60,Standard,56.31,268.5,2,1,28,2,0
462,57,Standard,79.36,473.8,3,12,6,4,0
463,54,Basic,23.83,448.6,4,24,14,1,0
464,51,Basic,32.71,357.5,2,12,55,2,0
465,58,Basic,58.75,498.7,3,12,35,1,0
466,44,Standard,96.03,350.7,6,1,47,2,0
467,31,Premium,123.19,579.7,2,1,58,3,0
468,26,Standard,77.83,153.8,1,1,1,4,1
469,57,Basic,22.01,437.1,4,1,19,1,0
470,55,Standard,60.88,240.9,1,1,57,4,0
471,52,Premium,116.11,189.0,1,12,1,2,0
472,31,Standard,94.1,132.8,5,1,13,4,1
473,40,Premium,121.5,344.9,0,12,8,2,0
474,53,Basic,23.65,152.8,3,12,18,4,0
475,22,Basic,32.59,144.2,1,1,54,3,0
476,26,Premium,110.14,594.6,1,24,35,1,0
477,66,Standard,82.84,487.0,1,1,23,1,0
478,25,Basic,35.93,456.5,1,1,50,1,0
479,37,Standard,64.8,482.6,4,1,52,2,0
480,45,Premium,144.31,582.3,2,1,26,3,1
481,37,Standard,92.43,356.8,5,12,41,3,0
482,23,Standard,75.84,155.5,2,24,38,3,0
483,49,Basic,57.73,521.5,2,1,20,1,0
484,53,Standard,97.07,453.4,0,1,2,1,0
485,48,Standard,83.67,266.2,2,1,26,1,0
486,41,Premium,137.99,299.9,0,12,57,3,0
487,45,Premium,136.74,264.4,2,1,36,1,0
488,33,Premium,121.33,560.1,2,12,25,1,0
489,56,Basic,29.98,225.8,3,12,30,2,0
490,54,Standard,75.64,579.2,1,1,18,1,0
491,54,Premium,111.08,548.9,2,24,7,1,0
492,64,Standard,68.61,389.4,5,1,27,1,0
493,58,Premium,99.82,360.5,1,24,11,4,0
494,33,Premium,139.31,241.0,5,1,37,1,1
495,24,Standard,93.39,40.5,2,1,8,3,0
496,22,Standard,97.01,102.7,3,12,11,1,0
497,54,Basic,48.51,459.9,3,12,24,3,0
498,61,Basic,47.87,298.8,2,24,30,2,0
499,31,Standard,72.19,115.4,1,1,30,3,0
500,64,Premium,137.29,180.5,1,24,52,3,0
501,65,Basic,28.44,570.3,2,1,52,2,0
502,50,Basic,54.29,239.3,1,1,15,4,0
503,34,Standard,83.4,547.4,2,1,56,2,0
504,33,Basic,37.62,203.6,3,24,35,3,0
505,52,Basic,25.3,339.6,2,12,39,2,0
506,67,Basic,35.29,41.7,3,1,24,4,0
507,23,Basic,44.77,327.5,1,1,8,3,1
508,56,Basic,38.18,393.1,3,1,43,1,0
509,44,Basic,51.21,163.6,2,1,42,2,0
510,38,Standard,76.58,360.0,2,12,20,3,0
511,47,Premium,100.82,398.9,1,12,41,3,0
512,29,Standard,55.22,421.5,4,12,47,4,0
513,50,Standard,73.57,472.5,2,24,26,1,0
514,47,Basic,32.18,207.5,3,1,52,1,0
515,31,Basic,27.92,353.6,2,1,24,2,0
516,47,Standard,56.11,589.5,2,12,22,1,0
517,55,Basic,55.48,541.9,3,12,5,1,0
518,62,Standard,64.93,573.0,2,12,15,2,0
519,28,Standard,79.0,250.1,3,24,36,1,0
520,25,Standard,99.82,478.5,3,12,37,1,0
521,66,Basic,51.05,383.3,3,1,29,1,0
522,32,Basic,25.22,77.2,3,1,15,3,0
523,50,Standard,83.59,499.7,3,12,27,1,0
524,57,Basic,37.69,415.9,2,12,49,1,0
525,46,Standard,64.31,143.4,0,1,55,2,0
526,42,Standard,96.63,75.5,1,1,8,1,0
527,57,Premium,106.52,507.1,3,12,57,4,0
528,31,Basic,33.62,75.0,3,12,29,1,0
529,58,Premium,144.74,82.1,4,1,19,3,0
530,30,Standard,68.48,273.6,4,12,31,2,0
531,45,Basic,26.38,106.8,1,1,9,3,0
532,56,Basic,33.42,550.8,3,24,10,1,0
533,56,Standard,93.62,298.1,2,1,37,1,0
534,57,Basic,29.4,354.4,3,12,10,3,0
535,39,Basic,53.21,559.0,2,12,54,1,0
536,60,Basic,57.93,332.3,4,1,33,3,0
537,53,Premium,133.13,231.5,1,12,25,1,0
538,45,Premium,138.16,484.4,0,1,57,3,0
539,44,Standard,60.47,282.4,2,12,54,4,0
540,53,Basic,31.11,211.5,3,12,56,4,0
541,58,Basic,21.44,442.2,2,1,4,1,0
542,33,Standard,83.07,486.9,2,1,53,1,0
543,34,Standard,61.03,481.3,5,24,5,4,0
544,44,Basic,36.8,587.3,2,1,23,3,0
545,46,Standard,92.99,478.4,2,12,39,1,0
546,56,Premium,109.37,468.9,4,1,55,2,0
547,62,Standard,78.41,518.8,0,24,5,1,0
548,51,Standard,56.67,30.1,3,12,52,4,0
549,38,Premium,102.07,236.6,2,12,8,1,0
550,41,Basic,32.55,450.4,1,1,17,2,0
551,46,Standard,86.01,371.8,2,1,1,2,0
552,43,Premium,128.23,131.2,3,1,54,4,0
553,34,Basic,34.56,203.1,2,1,50,3,0
554,40,Standard,91.62,222.0,2,12,12,1,0
555,57,Standard,64.77,353.7,1,12,35,2,0
556,33,Standard,79.39,504.0,3,1,52,4,0
557,62,Standard,98.57,561.5,1,12,14,3,0
558,40,Premium,96.97,457.6,3,1,48,2,0
559,33,Premium,145.32,510.5,1,1,18,3,1
560,30,Basic,25.28,298.0,1,24,10,1,0
561,28,Premium,117.59,252.2,1,12,55,3,0
562,49,Basic,27.78,253.8,2,12,15,1,0
563,35,Basic,23.73,381.1,2,1,42,2,0
564,52,Standard,67.31,100.8,2,1,33,3,0
565,40,Standard,72.98,360.3,2,1,19,1,0
566,37,Standard,99.23,409.1,3,24,34,2,0
567,26,Premium,119.6,280.2,2,12,45,1,1
568,56,Standard,77.62,573.3,2,1,25,1,0
569,33,Standard,66.6,376.7,2,24,16,3,0
570,46,Basic,23.6,155.4,5,1,8,2,0
571,42,Premium,141.14,303.2,2,12,35,1,0
572,57,Premium,111.37,415.0,1,1,21,2,0
573,44,Premium,131.29,214.5,1,1,19,2,0
574,37,Basic,31.49,75.4,2,1,46,1,0
575,60,Basic,31.19,362.6,5,1,11,3,0
576,66,Basic,33.28,570.3,4,12,44,1,0
577,63,Basic,46.51,306.5,2,12,11,3,0
578,60,Basic,54.83,546.5,3,12,11,1,0
579,35,Premium,147.86,506.0,1,24,22,1,0
580,52,Standard,60.65,114.0,5,1,21,1,1
581,26,Basic,39.38,433.7,0,24,27,1,0
582,56,Basic,47.75,278.2,4,24,18,3,0
583,44,Basic,42.11,172.6,4,1,42,1,0
584,50,Basic,28.65,421.6,2,1,48,1,0
585,64,Basic,28.34,453.3,1,12,40,4,0
586,32,Basic,31.86,132.5,1,1,38,2,0
587,39,Premium,149.51,551.2,1,24,30,1,0
588,33,Premium,100.61,458.2,1,1,51,4,0
589,30,Basic,49.36,562.0,1,12,45,1,0
590,31,Standard,83.94,210.7,3,12,47,3,0
591,65,Premium,140.16,565.4,3,1,45,1,0
592,38,Basic,25.02,240.1,2,1,33,2,0
593,59,Basic,26.85,60.8,4,1,21,2,0
594,28,Premium,98.11,464.9,4,12,59,1,0
595,67,Basic,43.39,431.0,1,24,2,2,0
596,34,Standard,83.0,370.8,1,1,13,2,0
597,61,Standard,97.05,309.2,4,12,2,3,0
598,63,Basic,29.86,48.3,1,1,57,3,0
599,30,Basic,59.04,386.0,4,12,43,2,0
600,48,Premium,111.53,267.6,1,24,45,2,0
601,23,Basic,33.49,349.3,2,1,31,2,1
602,26,Basic,32.48,274.7,1,24,10,3,0
603,50,Standard,91.68,580.7,2,12,23,1,0
604,58,Standard,66.73,374.3,3,1,22,2,0
605,59,Basic,45.92,457.1,4,24,47,2,0
606,40,Premium,113.51,563.7,3,1,29,4,0
607,29,Basic,51.62,367.2,4,1,33,2,0
608,66,Premium,119.99,36.9,0,12,31,1,0
609,22,Premium,135.98,49.5,4,24,14,2,0
610,43,Standard,58.56,430.3,3,12,10,3,0
611,38,Standard,75.14,189.1,5,1,18,3,1
612,28,Premium,137.71,360.2,2,24,11,3,0
613,46,Basic,41.41,145.3,3,12,39,3,0
614,66,Standard,82.73,184.0,5,24,47,1,0
615,25,Basic,21.4,317.6,3,1,3,2,1
616,57,Basic,59.59,586.1,4,12,2,3,0
617,27,Basic,21.2,381.3,2,24,54,1,0
618,52,Premium,143.09,563.6,3,1,8,1,0
619,40,Premium,141.81,576.8,2,24,31,3,0
620,65,Basic,24.69,148.6,2,1,8,3,1
621,60,Basic,26.76,207.4,1,1,43,4,0
622,48,Standard,91.1,468.9,2,24,48,4,0
623,31,Standard,72.33,524.1,3,24,2,1,0
624,47,Basic,40.28,326.0,1,1,22,4,0
625,40,Standard,57.0,596.1,5,1,5,1,1
626,60,Standard,68.01,36.6,0,12,7,3,0
627,24,Premium,143.83,200.8,2,24,20,1,0
628,66,Basic,37.37,385.2,0,12,28,1,0
629,34,Standard,75.4,297.5,3,12,13,4,0
630,49,Standard,93.39,96.5,1,12,2,1,0
631,41,Premium,109.93,239.6,0,1,32,2,0
632,49,Standard,58.55,44.5,2,24,26,1,0
633,29,Standard,63.63,396.4,1,1,3,1,0
634,62,Basic,20.94,538.9,0,12,41,1,0
635,60,Premium,101.2,534.4,2,12,42,2,0
636,22,Standard,71.14,428.7,3,12,56,1,0
637,24,Basic,25.17,295.5,2,12,13,1,0
638,34,Standard,81.3,321.9,2,24,57,3,0
639,49,Basic,44.13,108.0,3,12,21,1,0
640,46,Basic,40.94,224.4,1,24,45,2,0
641,54,Premium,105.08,137.0,3,1,37,4,0
642,59,Standard,70.24,498.1,3,24,23,1,0
643,27,Standard,57.49,551.4,5,1,7,2,1
644,65,Basic,27.8,336.0,1,1,17,3,0
645,66,Premium,101.74,444.8,5,1,28,3,0
646,53,Basic,51.24,99.2,2,12,47,3,0
647,66,Basic,51.66,376.9,1,24,30,4,0
648,42,Premium,146.59,430.6,1,12,5,1,0
649,37,Premium,103.42,288.1,3,1,24,4,0
650,42,Standard,82.21,168.7,5,1,7,4,1
651,32,Basic,31.51,530.1,1,12,59,3,0
652,58,Premium,140.12,453.5,3,1,34,2,0
653,57,Standard,99.02,542.9,4,1,56,3,0
654,56,Premium,108.25,496.5,1,12,50,1,0
655,40,Premium,102.14,594.5,0,24,42,3,0
656,41,Basic,55.58,139.5,1,1,33,1,0
657,39,Basic,57.76,79.4,4,1,59,3,0
658,62,Standard,75.13,222.1,3,24,27,2,0
659,35,Basic,20.22,103.5,3,12,14,1,0
660,36,Basic,20.05,328.2,1,24,59,3,0
661,52,Premium,135.17,390.8,1,1,19,2,1
662,22,Standard,68.07,359.6,3,1,48,2,0
663,24,Premium,146.21,177.8,3,24,51,1,0
664,37,Standard,68.43,548.0,2,1,38,3,0
665,44,Standard,85.26,42.1,3,12,12,2,0
666,32,Basic,32.95,228.4,2,1,3,2,1
667,33,Basic,46.45,439.8,4,12,7,2,0
668,31,Basic,46.09,467.1,3,24,56,3,0
669,53,Basic,30.04,267.2,2,12,35,2,0
670,37,Premium,124.18,39.6,3,24,25,1,1
671,29,Basic,28.49,382.3,1,1,49,1,0
672,59,Standard,58.45,66.0,3,24,15,2,0
673,33,Basic,48.06,91.5,2,1,19,4,0
674,45,Basic,24.54,400.6,4,1,19,3,0
675,49,Standard,77.02,208.1,1,1,23,1,0
676,29,Basic,27.34,228.4,5,12,11,1,1
677,49,Basic,43.77,307.5,3,24,59,2,0
678,57,Basic,36.45,587.8,1,12,21,3,0
679,47,Basic,25.06,580.3,6,12,52,1,1
680,29,Premium,145.24,267.3,3,24,34,3,0
681,49,Basic,44.91,181.3,5,24,39,1,0
682,49,Basic,52.27,202.5,2,12,51,1,0
683,58,Standard,85.75,183.2,2,24,7,1,0
684,62,Basic,39.31,333.4,1,12,42,3,0
685,57,Premium,139.4,375.9,3,1,44,4,0
686,48,Standard,74.3,308.6,2,1,55,1,0
687,38,Standard,63.5,262.6,4,24,27,2,0
688,30,Standard,67.68,150.4,2,1,50,1,0
689,54,Basic,45.34,305.0,1,1,23,3,0
690,41,Standard,78.36,224.4,1,24,38,2,0
691,34,Basic,35.92,338.7,2,1,58,1,0
692,49,Premium,105.86,414.9,7,24,20,1,1
693,50,Basic,43.68,391.0,1,24,27,3,0
694,34,Standard,81.25,293.6,3,24,53,2,0
695,67,Standard,88.06,346.9,2,1,8,1,0
696,56,Basic,34.51,192.4,1,1,37,2,0
697,27,Basic,41.87,43.8,3,24,3,3,1
698,39,Standard,60.73,386.3,3,1,2,2,0
699,26,Premium,113.21,174.0,3,12,22,2,0
700,46,Basic,52.01,411.3,1,12,6,2,0
701,23,Premium,112.2,455.8,4,1,39,2,0
702,31,Premium,140.47,552.1,4,24,40,2,1
703,51,Premium,127.72,576.1,2,12,36,4,0
704,66,Basic,59.66,36.0,1,1,44,1,0
705,26,Standard,64.09,594.5,3,1,24,2,0
706,54,Basic,51.39,419.3,2,1,12,1,0
707,22,Premium,149.17,396.8,1,1,17,1,0
708,39,Standard,92.67,38.7,1,12,22,2,0
709,53,Basic,32.32,520.9,2,1,54,4,0
710,32,Standard,82.13,112.9,3,1,19,1,0
711,42,Basic,44.58,507.3,1,24,9,4,0
712,47,Premium,141.14,38.9,1,12,12,1,1
713,46,Premium,96.78,398.2,1,1,32,1,0
714,43,Standard,85.01,277.8,5,24,53,1,0
715,48,Basic,23.27,144.4,2,1,31,2,0
716,34,Standard,94.61,91.3,3,24,17,2,0
717,54,Basic,33.03,280.9,1,12,23,2,0
718,55,Basic,25.11,100.3,1,12,10,2,0
719,62,Premium,102.34,307.3,0,12,30,2,0
720,56,Basic,21.7,386.4,4,12,19,2,0
721,22,Basic,47.39,501.6,1,24,26,1,0
722,42,Premium,133.0,416.8,2,24,26,3,0
723,27,Basic,53.49,67.2,4,1,11,2,1
724,49,Basic,25.09,205.2,1,1,20,1,0
725,38,Premium,117.85,194.1,1,24,54,1,0
726,26,Basic,52.54,551.6,3,12,56,3,0
727,52,Premium,96.99,524.6,1,24,45,1,0
728,26,Premium,125.31,241.0,6,12,4,3,0
729,59,Premium,133.98,70.6,3,12,47,1,0
730,24,Standard,59.29,539.6,2,1,12,2,0
731,44,Basic,55.77,536.3,4,1,25,1,0
732,58,Basic,45.8,517.2,0,12,56,4,0
733,58,Premium,115.13,511.7,3,12,58,4,0
734,31,Premium,108.29,303.7,2,12,10,4,0
735,31,Standard,85.27,131.1,4,12,22,1,0
736,40,Basic,20.55,302.2,1,12,7,3,0
737,38,Basic,32.91,311.9,3,24,24,2,0
738,42,Basic,42.17,309.3,3,1,2,3,0
739,35,Standard,85.6,337.1,1,12,32,1,0
740,30,Standard,64.13,176.9,2,1,21,3,0
741,67,Premium,142.85,238.8,4,12,7,4,0
742,22,Standard,99.8,277.5,1,1,8,1,0
743,66,Basic,52.94,104.7,2,1,53,1,0
744,34,Standard,77.21,289.6,3,1,51,1,0
745,25,Standard,96.54,492.0,2,1,38,1,0
746,22,Standard,55.71,502.0,2,12,21,2,0
747,61,Standard,87.85,264.6,2,24,8,3,0
748,53,Premium,146.58,325.7,1,1,57,1,0
749,55,Premium,100.02,49.2,1,12,25,2,0
750,49,Basic,29.03,414.4,6,12,28,2,1
751,52,Basic,35.6,260.6,2,1,28,1,0
752,29,Standard,80.49,283.9,1,1,54,2,0
753,60,Basic,25.52,528.0,2,1,31,1,0
754,47,Basic,23.24,293.2,2,24,52,2,0
755,55,Basic,53.19,42.1,2,1,36,1,0
756,24,Standard,67.57,159.7,2,1,25,3,0
757,33,Basic,36.19,301.1,4,1,52,1,0
758,22,Standard,62.18,271.9,1,12,56,4,0
759,65,Premium,145.03,520.4,0,12,41,3,0
760,26,Basic,55.65,339.0,2,1,37,1,0
761,51,Basic,38.55,423.1,3,12,38,2,0
762,51,Basic,32.8,297.5,1,12,51,1,0
763,38,Premium,98.1,280.6,1,1,12,3,0
764,44,Basic,32.73,284.4,0,1,37,1,1
765,36,Basic,39.56,264.2,4,12,37,3,0
766,58,Basic,54.38,337.0,2,12,31,1,0
767,42,Premium,107.31,172.8,2,12,18,1,1
768,35,Standard,72.53,537.9,0,12,26,1,0
769,23,Premium,149.5,219.9,0,1,6,1,0
770,32,Premium,123.79,114.1,3,1,9,2,1
771,60,Basic,46.66,85.0,2,12,11,1,0
772,59,Premium,113.42,37.7,3,12,31,3,0
773,55,Basic,42.91,271.0,2,1,55,3,0
774,59,Premium,96.08,136.9,1,24,46,1,0
775,55,Standard,59.54,42.3,2,12,56,2,0
776,39,Premium,133.24,326.4,2,1,2,2,1
777,51,Basic,59.79,417.6,4,12,59,3,0
778,36,Basic,23.7,78.9,4,1,29,2,0
779,48,Basic,51.21,292.7,2,12,46,1,0
780,55,Basic,46.95,453.9,2,12,57,1,0
781,59,Basic,50.7,591.9,1,1,51,2,0
782,54,Basic,32.3,410.3,0,24,42,4,0
783,45,Basic,39.68,169.6,3,24,5,3,0
784,36,Standard,82.49,438.4,4,1,23,1,1
785,51,Premium,95.16,370.8,1,1,36,3,0
786,63,Standard,95.23,150.7,3,1,7,4,0
787,38,Basic,42.04,515.1,5,24,56,1,0
788,26,Standard,66.82,273.6,1,1,13,3,1
789,50,Basic,31.29,578.3,1,1,42,2,0
790,25,Premium,118.94,442.1,1,1,10,2,1
791,31,Basic,31.11,397.4,5,1,36,2,1
792,38,Standard,69.2,445.2,2,12,16,4,0
793,31,Premium,143.12,302.5,1,12,15,1,1
794,38,Premium,139.6,318.0,0,12,53,3,0
795,41,Standard,94.99,515.2,1,12,43,1,0
796,45,Premium,145.96,418.1,2,12,19,2,0
797,26,Premium,144.4,541.4,3,1,21,4,1
798,55,Standard,96.92,537.8,1,1,56,3,0
799,27,Standard,59.72,586.6,0,1,35,1,0
800,23,Standard,67.06,429.1,7,12,15,2,0
801,34,Standard,78.41,316.3,0,24,48,1,0
802,64,Standard,80.46,124.8,4,1,14,1,0
803,64,Standard,55.69,432.1,1,1,29,3,0
804,32,Basic,43.94,196.2,3,1,5,2,0
805,44,Basic,46.12,191.3,1,24,58,2,0
806,37,Basic,26.16,165.8,3,24,49,2,0
807,52,Basic,59.08,528.8,1,1,18,1,0
808,32,Basic,41.79,524.7,3,12,51,1,0
809,37,Standard,57.13,389.7,0,12,1,2,0
810,29,Basic,55.75,299.6,2,1,27,4,0
811,25,Premium,148.65,413.1,2,1,27,3,0
812,61,Basic,56.31,376.1,1,12,25,2,0
813,25,Basic,59.86,267.0,3,1,41,1,0
814,46,Standard,77.64,246.4,2,1,21,2,0
815,24,Standard,77.2,248.2,0,1,14,3,0
816,53,Basic,33.49,365.8,3,12,52,1,0
817,24,Premium,112.83,399.2,2,24,53,2,0
818,48,Premium,101.11,287.5,3,12,20,4,0
819,50,Basic,49.3,582.2,1,1,28,2,0
820,53,Basic,56.96,77.8,2,1,21,1,1
821,40,Premium,145.01,227.8,2,12,23,2,1
822,42,Standard,73.88,268.9,2,1,11,1,0
823,26,Standard,72.58,39.6,2,12,56,1,0
824,39,Premium,95.29,238.0,1,1,2,4,0
825,49,Basic,45.12,186.0,4,24,20,1,0
826,63,Standard,64.95,318.4,0,24,24,1,0
827,43,Basic,47.04,221.8,1,24,55,2,0
828,42,Premium,119.93,443.9,3,1,25,3,0
829,27,Standard,73.68,320.7,4,12,37,3,0
830,22,Standard,62.61,104.0,3,1,22,1,0
831,26,Basic,51.6,457.5,2,12,59,2,0
832,62,Basic,32.72,86.6,2,1,24,2,0
833,33,Standard,59.11,508.3,2,12,15,2,0
834,47,Standard,80.06,560.9,0,1,12,2,0
835,67,Standard,95.13,213.8,1,24,46,1,0
836,55,Basic,38.67,557.9,1,12,31,4,0
837,35,Premium,106.23,482.0,1,1,43,2,0
838,47,Basic,26.64,555.8,1,24,31,1,0
839,66,Premium,149.78,409.8,2,1,53,2,1
840,48,Basic,39.97,164.3,3,24,30,1,0
841,30,Standard,96.29,539.9,3,12,41,2,0
842,47,Basic,24.57,135.0,2,24,20,1,0
843,43,Premium,113.02,151.4,1,1,8,1,0
844,51,Standard,94.73,184.5,1,1,44,3,0
845,64,Basic,38.08,203.4,3,12,30,3,0
846,38,Basic,59.43,323.3,3,24,35,1,0
847,47,Basic,20.01,436.7,3,1,21,2,0
848,57,Basic,44.56,557.9,1,1,47,2,0
849,22,Premium,112.59,80.4,5,1,40,2,1
850,29,Standard,57.29,574.0,5,24,58,1,0
851,56,Premium,128.26,555.2,1,12,28,3,0
852,36,Standard,70.34,60.8,1,1,39,1,0
853,43,Standard,95.48,235.4,1,1,17,4,0
854,35,Basic,49.22,493.5,4,12,12,2,0
855,47,Basic,25.41,378.6,2,1,52,3,0
856,49,Premium,122.21,474.1,4,12,50,1,0
857,44,Premium,102.36,439.8,5,1,18,3,0
858,35,Basic,30.5,313.2,1,12,47,1,0
859,45,Basic,41.01,53.5,2,24,55,3,0
860,23,Standard,89.88,363.0,2,12,28,1,0
861,66,Premium,96.85,57.7,2,1,3,2,0
862,47,Basic,31.89,374.1,3,12,51,1,0
863,35,Standard,93.23,486.2,1,1,15,1,0
864,28,Premium,104.86,363.4,2,24,16,2,0
865,24,Basic,21.52,598.3,1,1,22,2,0
866,44,Basic,44.8,289.8,3,24,54,2,0
867,67,Standard,57.81,456.8,4,1,49,1,0
868,64,Premium,139.57,410.3,7,1,31,1,0
869,66,Basic,21.68,595.1,2,1,31,3,0
870,39,Standard,61.37,436.5,1,24,1,3,0
871,59,Standard,59.61,123.5,2,24,11,1,0
872,56,Standard,79.1,574.6,3,1,6,2,1
873,36,Standard,58.83,410.6,3,1,23,3,0
874,46,Standard,68.63,63.8,2,1,9,3,1
875,58,Standard,88.51,404.8,3,1,52,1,0
876,49,Standard,98.4,533.4,3,12,16,3,0
877,31,Standard,87.3,358.9,3,1,58,1,0
878,60,Standard,99.67,231.8,1,24,38,3,0
879,38,Premium,141.0,497.9,2,12,44,1,0
880,60,Basic,55.15,476.0,2,12,19,2,0
881,43,Premium,147.59,340.2,1,24,45,2,0
882,47,Premium,133.4,118.0,5,1,13,2,0
883,65,Basic,34.86,173.1,2,1,59,2,0
884,46,Standard,55.8,450.9,2,12,32,3,0
885,38,Standard,86.64,489.5,1,1,36,2,1
886,34,Basic,32.76,189.2,4,1,9,1,1
887,41,Basic,38.8,239.8,1,24,46,1,0
888,46,Basic,40.1,74.3,1,12,46,2,0
889,25,Basic,28.03,436.7,1,1,49,3,0
890,31,Premium,137.03,32.0,2,12,37,3,0
891,24,Basic,51.66,56.5,1,1,31,1,0
892,62,Premium,136.71,32.5,1,24,31,2,0
893,66,Standard,82.05,397.8,2,1,59,1,0
894,39,Premium,128.91,267.9,7,12,55,4,0
895,57,Standard,94.99,199.6,1,24,19,1,0
896,43,Basic,47.14,550.2,3,12,2,2,0
897,55,Standard,87.78,139.9,3,12,45,2,0
898,29,Basic,59.51,251.9,2,24,32,3,0
899,61,Standard,70.4,566.0,3,12,43,1,0
900,65,Premium,115.98,273.5,6,1,34,1,0
901,40,Basic,44.13,346.2,0,12,1,2,0
902,63,Basic,52.07,75.8,2,24,21,2,0
903,62,Standard,58.8,480.4,6,1,3,1,1
904,58,Premium,100.8,271.0,4,12,27,2,0
905,27,Standard,86.85,486.3,0,12,44,2,0
906,47,Basic,20.42,174.7,3,1,7,3,0
907,55,Standard,58.45,270.8,0,1,33,1,0
908,66,Basic,25.97,478.3,0,24,9,1,0
909,27,Standard,74.91,585.1,4,12,30,3,0
910,58,Premium,131.99,64.0,3,1,18,3,1
911,54,Standard,69.19,493.1,2,24,56,3,0
912,43,Premium,125.72,201.4,2,12,26,3,0
913,42,Basic,20.52,343.9,0,24,20,1,0
914,27,Standard,65.69,195.4,3,1,38,1,0
915,27,Premium,104.74,379.7,2,24,41,1,0
916,25,Basic,34.06,231.7,4,12,55,4,0
917,51,Premium,101.97,220.2,4,12,31,2,0
918,32,Basic,20.96,51.6,1,1,8,1,1
919,51,Standard,59.25,113.8,1,1,23,1,0
920,52,Premium,110.65,552.7,3,1,50,3,0
921,45,Standard,73.65,599.0,2,24,25,3,0
922,30,Basic,38.37,474.9,2,1,47,4,0
923,24,Standard,95.51,193.5,0,12,1,1,0
924,52,Standard,84.92,259.4,3,1,46,2,1
925,61,Premium,104.0,451.5,2,1,18,1,0
926,58,Standard,85.24,582.1,1,1,19,1,1
927,57,Basic,37.65,289.6,3,24,51,1,0
928,45,Standard,91.26,502.8,2,24,42,1,0
929,52,Standard,92.14,585.8,1,24,52,2,0
930,27,Standard,94.07,527.9,2,24,53,4,0
931,23,Standard,73.64,159.5,2,1,6,1,0
932,41,Premium,142.96,34.6,2,24,17,4,0
933,49,Standard,67.07,310.5,1,12,46,1,0
934,32,Standard,99.97,332.9,3,24,45,2,0
935,25,Basic,37.82,144.7,2,1,8,1,0
936,36,Basic,20.58,192.3,4,24,54,2,0
937,27,Basic,29.9,466.1,1,1,42,1,0
938,51,Basic,54.65,298.1,1,1,9,2,0
939,59,Standard,75.11,210.9,4,1,37,3,1
940,23,Standard,75.14,384.9,0,1,55,3,0
941,36,Standard,97.98,402.1,2,1,27,1,0
942,32,Premium,120.88,468.6,6,24,36,3,1
943,29,Premium,124.03,119.3,2,24,6,2,0
944,47,Premium,149.98,452.7,3,1,6,4,0
945,66,Standard,93.18,371.7,2,1,45,2,0
946,65,Standard,95.77,62.8,3,1,4,4,0
947,26,Standard,79.37,473.1,4,24,22,3,0
948,27,Basic,53.49,248.4,1,1,40,3,1
949,47,Basic,41.72,218.3,1,12,27,1,0
950,25,Premium,130.79,285.4,2,1,37,2,1
951,40,Premium,148.23,227.3,5,12,2,2,1
952,41,Basic,20.49,222.8,0,1,9,1,0
953,54,Standard,57.7,490.6,0,1,11,1,0
954,41,Premium,98.46,101.0,4,1,20,4,0
955,33,Basic,29.77,583.2,3,1,52,2,0
956,22,Basic,43.92,346.3,0,1,43,1,0
957,47,Premium,128.42,134.3,2,12,39,2,0
958,35,Standard,85.49,104.8,3,1,58,1,0
959,59,Basic,58.1,367.2,2,1,14,2,0
960,58,Standard,87.31,390.8,2,1,26,2,0
961,32,Premium,110.25,60.2,4,24,38,1,0
962,57,Standard,97.65,168.5,1,12,30,3,0
963,34,Basic,38.98,483.4,3,12,36,1,0
964,64,Basic,20.29,58.3,4,1,38,3,0
965,24,Standard,62.82,517.4,3,1,35,4,0
966,54,Standard,86.06,405.2,2,1,55,1,0
967,27,Premium,98.67,277.6,6,12,6,3,0
968,31,Basic,59.78,227.5,1,12,3,2,0
969,26,Premium,125.93,41.0,4,24,1,2,1
970,44,Basic,30.32,500.4,1,24,58,1,0
971,31,Basic,24.54,111.4,2,1,53,2,0
972,65,Basic,56.7,206.4,4,1,58,4,0
973,23,Basic,51.11,354.4,2,1,18,1,0
974,34,Standard,74.21,170.2,1,1,23,1,1
975,61,Standard,84.19,313.4,1,24,32,1,0
976,23,Basic,41.0,491.3,1,1,29,2,0
977,41,Standard,83.52,298.2,3,24,23,4,1
978,22,Basic,33.22,570.9,2,12,36,2,0
979,58,Premium,98.55,513.1,6,12,6,1,1
980,30,Premium,126.77,219.8,1,1,17,2,0
981,38,Basic,38.06,258.0,1,12,18,1,0
982,30,Standard,74.96,271.3,2,12,31,1,0
983,32,Basic,59.36,386.9,2,1,6,2,1
984,36,Basic,51.86,193.5,2,1,34,1,0
985,45,Basic,50.27,582.5,1,1,44,3,1
986,59,Premium,141.75,377.0,2,12,44,2,0
987,56,Standard,81.24,257.7,1,1,27,3,0
988,51,Basic,22.36,397.7,1,12,36,4,0
989,52,Premium,140.79,255.4,4,12,48,4,0
990,26,Standard,78.52,496.1,2,1,52,1,0
991,65,Premium,118.32,353.7,1,12,42,4,0
992,35,Standard,73.62,53.9,2,1,25,3,0
993,32,Standard,68.47,130.8,3,12,10,3,0
994,30,Basic,31.44,523.0,2,1,39,1,0
995,55,Basic,46.9,350.9,2,1,46,1,0
996,33,Premium,149.84,571.7,1,1,39,4,0
997,56,Basic,22.22,71.3,5,24,12,1,1
998,56,Premium,136.87,198.3,2,1,11,1,1
999,22,Standard,69.0,140.3,3,1,49,1,0
1000,61,Basic,36.55,345.7,0,1,43,4,0
1001,43,Basic,46.12,248.2,2,1,53,2,1
1002,50,Basic,43.18,119.6,2,12,3,4,0
1003,29,Premium,136.02,396.4,2,12,51,1,0
1004,32,Standard,67.12,335.7,3,24,22,1,0
1005,62,Basic,21.66,186.6,3,1,4,2,0
1006,58,Basic,58.71,303.5,1,1,8,2,0
1007,35,Basic,41.99,455.1,2,12,14,1,1
1008,51,Standard,81.4,147.0,1,12,20,1,0
1009,56,Basic,24.59,197.0,3,1,24,1,1
1010,42,Premium,109.76,227.3,1,12,14,1,0
1011,58,Basic,26.78,455.6,3,24,28,2,0
1012,26,Basic,22.04,512.7,4,1,16,1,0
1013,40,Standard,77.18,244.5,1,12,32,1,0
1014,35,Standard,63.14,199.1,2,1,47,1,0
1015,47,Premium,134.2,537.0,2,24,12,1,0
1016,25,Standard,66.35,599.6,2,12,16,4,1
1017,46,Basic,33.28,412.1,5,1,52,1,1
1018,66,Standard,58.4,594.3,3,1,19,1,0
1019,63,Basic,37.48,406.2,4,24,5,2,0
1020,46,Basic,45.11,448.1,2,12,12,2,0
1021,39,Premium,113.36,251.5,1,1,29,2,0
1022,61,Premium,135.02,276.8,0,12,5,1,0
1023,29,Premium,131.81,112.2,2,12,42,2,0
1024,60,Standard,86.86,499.0,2,1,58,2,0
1025,61,Standard,87.11,560.7,3,1,17,1,0
1026,35,Basic,49.21,385.4,0,12,47,1,0
1027,53,Basic,39.59,225.9,2,1,8,2,0
1028,59,Premium,109.3,117.8,7,1,40,2,0
1029,54,Basic,49.59,181.1,3,24,40,4,0
1030,44,Premium,109.37,175.6,1,12,30,2,0
1031,36,Standard,83.01,379.7,3,1,10,3,0
1032,54,Basic,27.79,568.7,1,1,20,1,0
1033,46,Standard,67.97,57.5,4,12,45,3,0
1034,38,Standard,82.18,30.6,2,12,16,2,0
1035,54,Basic,49.26,372.1,6,12,41,2,0
1036,23,Premium,129.99,191.9,6,1,16,1,1
1037,35,Standard,56.48,531.9,4,12,42,1,0
1038,61,Basic,22.72,216.5,2,24,3,3,0
1039,61,Standard,82.03,195.2,1,1,23,1,0
1040,60,Premium,135.64,183.6,3,1,22,1,0
1041,27,Basic,55.61,112.6,2,24,57,1,0
1042,27,Premium,141.39,361.5,3,1,28,1,0
1043,24,Basic,38.39,125.9,0,1,46,2,1
1044,28,Premium,135.86,272.0,1,1,45,2,0
1045,29,Standard,86.1,292.8,2,1,36,1,0
1046,63,Basic,42.74,41.7,1,1,4,2,1
1047,36,Basic,22.37,39.6,3,1,38,3,0
1048,50,Premium,130.13,326.5,2,24,24,4,0
1049,54,Standard,86.6,426.7,4,12,19,2,0
1050,51,Standard,93.34,567.0,3,12,11,2,0
1051,60,Basic,20.44,132.1,3,1,40,1,1
1052,48,Premium,128.62,88.9,4,12,46,2,0
1053,57,Standard,97.6,59.7,4,1,40,3,1
1054,50,Premium,100.26,278.5,3,12,46,2,0
1055,59,Basic,25.1,385.2,2,24,55,1,0
1056,54,Standard,75.21,509.1,4,12,39,2,0
1057,58,Standard,90.84,419.1,2,12,53,4,0
1058,48,Basic,32.11,148.8,2,24,18,3,0
1059,54,Standard,84.25,293.2,1,12,12,3,0
1060,25,Basic,48.03,548.9,1,1,14,1,0
1061,43,Standard,82.99,216.2,4,1,47,1,1
1062,23,Standard,79.3,314.3,2,24,18,3,0
1063,31,Basic,33.99,576.4,3,1,44,1,0
1064,26,Standard,87.74,448.8,0,24,42,2,0
1065,31,Standard,83.34,456.2,3,1,12,2,0
1066,54,Basic,27.95,173.8,0,1,40,2,1
1067,59,Premium,118.07,266.4,2,12,27,2,0
1068,34,Premium,112.41,76.9,2,1,6,3,0
1069,52,Standard,60.06,375.7,2,12,24,1,0
1070,57,Basic,53.1,89.1,2,12,51,3,0
1071,66,Premium,137.02,506.5,2,12,33,3,0
1072,45,Standard,92.65,494.3,2,12,45,4,0
1073,36,Basic,21.73,334.2,1,1,54,2,0
1074,50,Standard,67.46,110.5,1,1,16,2,0
1075,29,Standard,57.96,44.6,2,1,50,4,0
1076,26,Standard,86.77,484.1,1,1,12,2,0
1077,50,Standard,65.72,372.1,3,24,31,2,0
1078,25,Standard,72.49,435.2,3,12,57,1,0
1079,33,Premium,110.82,203.2,4,12,37,1,0
1080,66,Basic,25.22,320.4,2,12,53,2,1
1081,23,Standard,73.51,455.9,1,1,13,2,0
1082,48,Premium,102.66,293.7,2,12,58,2,0
1083,52,Standard,78.59,372.8,7,12,8,1,1
1084,57,Standard,98.33,480.1,1,1,38,3,0
1085,57,Standard,82.35,152.7,7,24,3,2,1
1086,47,Standard,99.25,67.6,1,12,57,2,0
1087,64,Premium,145.98,333.1,3,1,58,4,0
1088,48,Standard,56.62,65.4,1,12,20,1,0
1089,26,Premium,133.0,466.9,3,1,58,3,0
1090,41,Basic,29.7,440.0,3,1,4,2,0
1091,32,Basic,23.65,532.6,4,24,44,3,0
1092,31,Standard,67.57,394.6,5,24,45,2,0
1093,61,Basic,24.19,68.3,2,12,2,1,0
1094,59,Basic,25.14,174.3,2,24,51,2,0
1095,27,Basic,42.95,490.5,3,24,36,1,0
1096,29,Basic,22.44,125.3,3,24,23,1,0
1097,44,Basic,21.24,428.1,2,1,45,3,0
1098,47,Premium,97.66,474.7,3,12,19,2,0
1099,67,Basic,34.47,218.2,2,1,40,3,0
1100,64,Standard,83.38,213.7,3,12,8,2,0
1101,33,Premium,121.59,347.9,2,24,16,2,1
1102,47,Premium,109.49,520.9,5,1,58,4,1
1103,34,Basic,31.02,157.6,0,12,43,4,0
1104,61,Premium,103.95,566.5,0,12,18,1,0
1105,39,Standard,83.23,371.5,5,1,36,3,0
1106,46,Standard,76.23,595.5,2,1,24,1,1
1107,54,Standard,98.19,81.1,2,12,1,1,0
1108,61,Premium,100.93,102.1,3,1,1,2,0
1109,64,Basic,52.34,501.2,4,12,46,4,0
1110,33,Standard,87.84,522.9,0,12,36,4,0
1111,65,Standard,88.1,283.9,0,12,11,1,0
1112,57,Premium,116.54,437.0,4,1,18,3,1
1113,25,Premium,129.21,524.5,2,12,16,3,0
1114,26,Basic,26.58,54.6,3,1,17,1,0
1115,58,Premium,100.22,357.2,2,24,24,2,0
1116,29,Basic,51.63,516.5,2,1,34,2,0
1117,63,Basic,35.39,256.9,2,24,4,1,0
1118,49,Basic,37.44,202.4,0,12,35,3,0
1119,52,Basic,43.76,483.6,0,12,15,1,0
1120,30,Standard,94.06,221.4,2,1,2,1,0
1121,50,Basic,22.7,31.8,4,1,56,1,0
1122,35,Basic,53.26,577.0,2,1,51,3,0
1123,61,Premium,135.38,367.5,2,1,31,2,0
1124,62,Premium,131.39,497.1,1,24,9,2,0
1125,43,Premium,139.93,500.4,3,1,10,2,0
1126,32,Premium,102.02,67.9,3,24,53,1,0
1127,44,Standard,70.14,127.4,1,12,25,3,0
1128,22,Basic,20.58,207.3,3,1,51,2,1
1129,67,Basic,34.42,212.8,0,12,5,1,0
1130,58,Standard,86.34,405.5,2,1,14,1,0
1131,42,Basic,35.5,385.2,4,1,42,1,0
1132,47,Standard,65.83,311.9,2,1,48,4,0
1133,67,Basic,32.35,150.4,2,24,38,2,0
1134,57,Basic,31.74,247.7,1,12,57,3,0
1135,44,Standard,69.28,339.8,2,12,40,1,0
1136,22,Standard,76.77,296.8,2,1,2,2,1
1137,61,Standard,68.26,102.6,3,12,18,4,0
1138,36,Standard,66.64,400.2,1,1,29,1,0
1139,42,Basic,46.5,71.6,1,1,53,2,0
1140,30,Basic,52.31,245.6,2,1,53,4,0
1141,30,Premium,114.61,434.7,3,1,53,3,0
1142,31,Standard,55.07,41.4,5,12,20,1,0
1143,47,Basic,20.76,354.9,2,1,8,1,0
1144,62,Premium,131.53,220.7,2,24,59,1,0
1145,56,Basic,28.34,35.0,1,1,37,3,1
1146,46,Standard,82.35,138.5,0,12,49,2,0
1147,47,Basic,45.54,566.3,2,1,48,4,1
1148,32,Standard,85.44,327.1,0,1,26,1,0
1149,59,Standard,63.55,598.4,1,24,37,2,0
1150,23,Basic,25.51,329.1,3,24,49,1,0
1151,28,Premium,121.83,340.0,2,12,4,1,0
1152,39,Standard,84.52,253.4,3,24,33,1,0
1153,48,Basic,20.98,206.7,2,24,22,1,0
1154,55,Basic,28.38,173.4,4,12,6,3,0
1155,48,Basic,36.65,225.7,4,24,33,1,0
1156,38,Basic,34.26,292.1,1,1,28,2,0
1157,64,Standard,62.62,139.4,3,12,24,4,1
1158,65,Premium,110.44,158.2,1,24,4,4,0
1159,45,Standard,98.86,184.8,2,1,2,1,0
1160,46,Basic,47.22,286.1,0,24,13,4,0
1161,28,Basic,57.27,402.1,2,1,46,1,1
1162,27,Basic,44.81,518.0,0,24,49,2,0
1163,45,Standard,96.65,193.7,2,1,11,3,0
1164,54,Premium,106.87,134.7,5,1,35,3,0
1165,50,Basic,35.44,245.9,0,1,39,3,0
1166,64,Standard,96.07,539.8,0,24,10,3,0
1167,43,Premium,100.83,35.6,0,1,43,1,0
1168,47,Standard,77.58,416.4,1,12,10,2,0
1169,49,Premium,139.26,302.0,1,12,8,1,0
1170,42,Standard,70.29,121.8,2,1,5,2,0
1171,28,Standard,87.36,213.0,2,24,23,1,0
1172,38,Standard,67.91,158.2,3,1,34,1,0
1173,41,Standard,66.24,530.4,1,12,47,3,0
1174,62,Basic,37.13,304.7,3,12,32,3,0
1175,41,Basic,45.28,351.0,3,1,16,2,1
1176,43,Basic,49.04,368.4,1,1,4,2,0
1177,49,Standard,82.73,394.6,3,12,54,3,0
1178,61,Basic,25.89,312.5,8,24,28,2,0
1179,28,Premium,95.48,40.2,4,1,48,4,0
1180,22,Standard,95.91,220.8,3,1,44,1,0
1181,53,Standard,56.31,134.8,2,24,14,2,0
1182,34,Basic,35.93,417.7,5,1,12,4,1
1183,51,Premium,117.15,62.3,1,12,21,4,0
1184,44,Premium,95.07,351.4,4,12,48,2,0
1185,40,Standard,79.78,150.1,0,1,16,1,0
1186,53,Basic,52.48,570.8,3,12,54,3,0
1187,51,Standard,64.55,221.3,4,24,44,2,0
1188,50,Basic,51.8,215.4,1,12,2,3,0
1189,66,Basic,32.95,556.3,1,12,23,2,0
1190,50,Premium,129.68,267.9,2,12,56,1,0
1191,51,Standard,91.84,578.8,1,12,29,1,0
1192,37,Standard,95.48,43.8,4,1,46,2,0
1193,61,Premium,103.51,204.6,4,12,43,1,0
1194,40,Standard,63.79,409.7,1,1,9,1,0
1195,39,Standard,58.9,537.8,3,1,54,2,0
1196,22,Basic,56.13,176.2,3,24,7,2,0
1197,35,Premium,126.44,560.4,2,24,29,1,0
1198,23,Basic,52.5,368.6,2,24,44,1,0
1199,49,Premium,116.7,486.6,1,1,17,4,0
1200,51,Premium,148.96,256.4,1,24,9,1,1
1201,59,Basic,39.43,150.9,1,12,6,1,0
1202,25,Standard,74.02,549.4,2,24,44,1,0
1203,22,Premium,130.42,561.9,2,24,20,3,0
1204,29,Standard,68.76,313.6,2,24,10,2,0
1205,50,Premium,141.45,33.7,2,24,9,1,0
1206,60,Premium,127.03,92.6,2,1,12,1,0
1207,24,Standard,90.08,356.6,3,12,33,3,0
1208,53,Basic,23.9,43.6,0,1,32,3,0
1209,31,Premium,140.88,256.2,2,12,34,2,0
1210,31,Standard,67.86,202.9,1,24,19,1,0
1211,40,Basic,22.15,437.2,1,1,33,1,1
1212,67,Basic,46.77,61.7,1,12,48,2,0
1213,55,Standard,88.45,308.6,2,12,16,3,0
1214,54,Premium,120.7,360.1,1,1,50,1,0
1215,44,Premium,108.2,381.9,1,1,50,2,0
1216,49,Standard,79.72,260.9,3,1,23,1,0
1217,53,Basic,27.09,203.5,3,1,26,2,0
1218,28,Basic,20.21,419.0,4,12,45,2,0
1219,50,Premium,139.55,513.1,3,12,54,4,0
1220,29,Basic,23.37,425.4,2,1,44,2,0
1221,22,Basic,47.31,561.3,3,24,41,2,0
1222,24,Basic,29.42,438.8,3,12,37,1,0
1223,45,Standard,73.32,465.8,6,12,9,1,1
1224,44,Premium,114.7,125.7,3,1,30,1,0
1225,29,Basic,31.58,269.1,1,12,13,1,0
1226,58,Standard,82.09,306.5,1,1,48,1,0
1227,24,Standard,86.39,176.1,3,12,42,4,0
1228,54,Premium,125.44,331.3,1,12,16,2,0
1229,49,Basic,43.91,195.8,3,1,46,1,0
1230,29,Standard,66.84,421.9,2,24,57,1,0
1231,55,Basic,45.87,298.1,1,12,2,1,0
1232,56,Premium,127.37,291.5,0,1,31,1,1
1233,53,Standard,95.15,590.7,1,24,57,1,0
1234,45,Basic,32.29,253.7,0,1,51,2,1
1235,35,Standard,63.91,236.5,1,12,43,4,0
1236,53,Premium,147.84,211.6,1,12,19,2,0
1237,67,Basic,28.71,540.0,3,1,11,2,0
1238,64,Premium,101.17,313.1,0,24,14,3,0
1239,37,Basic,27.78,372.0,1,12,47,1,0
1240,25,Standard,78.45,133.1,0,1,25,1,0
1241,58,Standard,61.74,338.3,3,24,7,2,0
1242,42,Standard,57.95,186.5,1,12,15,3,0
1243,35,Basic,36.07,446.5,3,12,30,2,0
1244,52,Premium,121.68,504.5,6,24,59,1,1
1245,39,Standard,71.16,437.4,0,1,31,4,0
1246,28,Standard,91.38,446.2,3,1,24,1,0
1247,31,Premium,144.43,322.1,2,1,55,3,0
1248,28,Premium,146.21,435.9,1,24,25,3,0
1249,54,Basic,57.3,270.9,2,1,8,1,1
1250,44,Basic,57.35,401.3,4,1,30,3,0
1251,42,Premium,104.44,177.7,6,1,36,3,1
1252,40,Basic,38.75,69.8,2,1,50,4,1
1253,40,Standard,90.67,265.7,2,12,14,1,0
1254,57,Premium,98.5,293.2,3,24,29,4,0
1255,50,Basic,25.68,176.2,1,1,27,1,1
1256,39,Standard,94.3,444.8,1,1,53,3,0
1257,23,Standard,56.87,71.9,1,24,50,2,0
1258,22,Standard,92.38,157.0,1,1,36,1,1
1259,26,Basic,32.25,456.7,4,24,34,1,0
1260,41,Basic,33.04,279.2,3,12,21,1,0
1261,32,Standard,78.54,432.0,2,1,38,1,0
1262,63,Premium,103.16,353.5,2,24,11,1,0
1263,23,Premium,116.94,571.9,4,1,33,1,1
1264,24,Standard,66.75,370.7,3,1,15,1,0
1265,44,Basic,47.81,38.5,2,1,12,2,0
1266,33,Standard,88.86,231.1,2,24,24,2,0
1267,41,Basic,54.54,111.5,5,12,50,3,0
1268,26,Premium,116.71,557.0,3,1,37,2,0
1269,58,Premium,132.76,89.3,5,24,11,1,0
1270,59,Standard,73.04,251.0,1,12,56,2,0
1271,51,Premium,130.67,158.9,1,1,53,3,0
1272,30,Basic,56.46,512.6,4,12,19,1,0
1273,55,Standard,64.35,205.9,4,12,54,2,0
1274,65,Basic,22.25,595.4,2,12,1,2,0
1275,56,Premium,96.35,52.0,4,1,17,4,0
1276,43,Basic,41.1,103.1,2,1,40,2,0
1277,65,Standard,67.76,158.0,2,24,55,3,0
1278,45,Premium,111.12,492.3,1,24,16,1,0
1279,38,Basic,38.5,530.8,2,12,26,3,1
1280,31,Basic,21.33,70.7,3,24,58,1,0
1281,51,Premium,98.47,48.5,0,12,43,2,0
1282,67,Standard,82.45,454.4,4,24,59,2,0
1283,44,Basic,22.53,106.0,1,1,51,4,1
1284,53,Basic,35.87,105.8,3,1,56,1,0
1285,38,Basic,38.96,42.7,5,12,43,1,0
1286,38,Premium,129.51,58.4,0,1,15,3,1
1287,35,Standard,65.22,180.3,1,12,8,2,0
1288,30,Basic,41.2,67.1,1,24,30,1,0
1289,61,Basic,38.72,240.3,2,1,14,1,0
1290,23,Basic,36.43,504.7,3,24,33,1,0
1291,66,Basic,52.7,216.0,1,12,42,2,0
1292,46,Standard,66.0,444.9,0,12,7,3,0
1293,60,Basic,54.13,83.5,0,12,18,1,0
1294,30,Basic,46.94,405.8,2,1,12,3,0
1295,43,Standard,77.42,210.5,5,1,2,2,1
1296,64,Basic,31.07,457.4,4,12,50,1,0
1297,67,Standard,64.82,107.7,2,24,29,2,0
1298,25,Standard,60.87,541.8,5,12,21,2,1
1299,47,Standard,55.57,168.3,3,1,7,1,1
1300,50,Standard,61.93,231.3,1,1,52,3,0
1301,66,Standard,86.74,571.6,2,24,27,3,0
1302,55,Premium,109.22,359.7,1,12,12,1,0
1303,44,Standard,76.09,238.5,2,24,20,1,0
1304,58,Standard,81.61,571.3,2,12,57,1,0
1305,32,Premium,132.55,217.6,4,12,14,3,0
1306,27,Standard,95.0,84.1,1,12,10,1,1
1307,39,Basic,39.15,598.2,3,1,41,3,0
1308,42,Basic,54.48,182.7,0,12,23,2,0
1309,63,Basic,24.22,515.2,4,12,30,3,0
1310,57,Premium,129.29,124.4,4,12,47,2,0
1311,62,Standard,55.78,446.9,1,24,58,1,0
1312,59,Premium,106.76,328.9,3,1,31,4,0
1313,55,Standard,93.6,589.1,4,12,52,3,0
1314,38,Standard,76.33,345.1,2,1,56,2,0
1315,58,Basic,49.31,44.3,2,1,10,2,1
1316,46,Standard,55.5,374.2,3,12,19,2,0
1317,59,Standard,73.75,112.8,2,1,19,1,0
1318,33,Premium,148.76,485.2,3,12,44,2,0
1319,44,Basic,48.22,518.2,2,1,23,1,0
1320,63,Standard,86.9,304.8,1,1,59,4,0
1321,43,Standard,63.0,476.4,2,1,44,2,0
1322,42,Standard,94.98,112.7,3,1,41,1,0
1323,48,Standard,74.89,310.5,1,24,59,2,0
1324,52,Premium,110.82,254.5,2,12,32,1,0
1325,27,Basic,29.38,378.5,0,24,20,1,0
1326,48,Standard,90.55,55.4,3,1,4,2,0
1327,61,Standard,83.77,458.7,2,24,33,2,0
1328,55,Premium,135.37,75.1,3,12,48,4,1
1329,33,Premium,96.69,404.2,3,1,1,4,0
1330,66,Basic,50.01,40.5,1,12,13,1,0
1331,28,Basic,30.98,504.2,1,12,3,2,0
1332,31,Premium,121.44,129.6,2,12,12,3,1
1333,66,Standard,99.99,323.8,2,12,29,1,0
1334,38,Premium,133.93,179.1,3,1,55,3,0
1335,47,Basic,49.56,441.9,4,1,31,3,0
1336,42,Standard,78.32,213.2,2,12,41,2,0
1337,49,Premium,137.75,443.0,0,24,36,1,0
1338,67,Premium,140.77,192.4,4,1,2,4,1
1339,23,Basic,50.93,458.9,5,1,22,3,0
1340,64,Standard,62.9,47.4,5,12,22,3,1
1341,22,Standard,62.99,191.5,2,12,41,1,0
1342,57,Basic,41.4,314.2,1,12,31,3,0
1343,47,Standard,75.93,55.7,3,1,52,1,0
1344,50,Standard,57.84,136.0,3,12,56,1,0
1345,42,Premium,101.25,562.7,1,12,45,2,0
1346,32,Standard,82.08,586.8,3,12,14,4,0
1347,61,Basic,31.18,451.7,2,12,29,3,0
1348,32,Basic,51.3,173.8,4,12,35,3,1
1349,57,Standard,79.48,178.5,3,24,50,2,0
1350,60,Basic,35.95,398.1,2,12,9,1,0
1351,61,Premium,96.45,97.0,2,12,47,3,0
1352,56,Basic,30.68,570.5,0,1,54,2,0
1353,55,Premium,124.59,158.1,3,1,32,3,1
1354,45,Premium,144.92,599.8,3,24,59,2,0
1355,43,Standard,78.01,312.6,5,12,56,3,0
1356,26,Premium,121.97,469.7,1,12,27,3,0
1357,54,Premium,97.04,31.2,2,12,10,1,0
1358,57,Standard,82.15,536.6,4,1,25,1,0
1359,41,Basic,56.17,183.9,2,24,49,1,0
1360,40,Standard,62.06,410.7,3,24,45,4,0
1361,56,Standard,55.68,489.6,3,24,33,2,0
1362,64,Premium,110.32,123.6,1,1,11,3,1
1363,38,Standard,81.47,282.2,2,12,37,1,0
1364,66,Premium,114.32,311.5,0,1,9,3,0
1365,64,Standard,74.18,207.9,0,12,7,2,0
1366,55,Basic,37.13,304.6,2,12,7,1,0
1367,30,Premium,104.0,211.0,2,1,34,4,0
1368,47,Standard,67.35,235.6,1,12,19,1,1
1369,23,Basic,34.53,411.5,1,1,20,1,0
1370,30,Standard,90.03,390.6,4,24,50,1,0
1371,30,Basic,59.1,162.4,1,12,42,1,0
1372,61,Standard,93.78,541.6,2,1,25,2,0
1373,38,Standard,80.39,521.8,0,1,5,1,0
1374,22,Standard,73.46,320.2,0,24,48,3,0
1375,46,Premium,148.05,277.0,3,12,29,1,0
1376,64,Standard,60.62,244.8,3,1,55,2,0
1377,61,Basic,48.36,433.1,4,1,27,2,0
1378,63,Standard,85.98,412.8,1,1,25,3,0
1379,46,Premium,112.79,141.8,2,24,37,1,0
1380,60,Basic,46.96,412.7,1,12,15,4,0
1381,56,Basic,53.77,173.9,3,1,54,2,0
1382,24,Basic,56.63,40.6,3,1,48,1,0
1383,58,Basic,48.72,428.5,2,1,4,2,0
1384,65,Premium,137.04,397.5,4,24,14,2,0
1385,65,Standard,81.09,264.2,0,12,56,3,0
1386,51,Basic,20.83,329.6,2,12,49,1,0
1387,59,Standard,71.44,569.9,2,12,17,1,0
1388,55,Basic,21.71,369.3,2,24,21,1,0
1389,33,Premium,136.4,405.0,0,24,16,1,0
1390,40,Premium,110.51,66.4,1,1,26,3,0
1391,58,Basic,26.88,124.6,2,24,9,2,0
1392,65,Premium,123.71,201.5,2,24,2,1,1
1393,38,Premium,103.54,337.4,1,1,43,1,1
1394,31,Basic,25.56,472.7,1,24,15,1,0
1395,33,Basic,37.6,213.1,1,12,35,3,0
1396,37,Standard,57.45,233.1,2,24,24,3,0
1397,45,Premium,97.01,176.0,1,1,48,1,0
1398,40,Premium,129.12,175.1,4,12,53,1,0
1399,29,Premium,111.19,570.9,2,1,51,2,0
1400,52,Premium,99.75,392.2,1,24,54,4,0
1401,42,Standard,79.1,118.9,1,24,38,2,0
1402,38,Premium,112.27,441.7,2,12,14,1,0
1403,44,Premium,120.28,441.6,1,12,37,1,1
1404,58,Basic,44.24,409.9,1,12,37,2,0
1405,37,Standard,91.01,106.8,1,1,6,2,1
1406,27,Premium,111.58,262.6,1,12,18,1,0
1407,29,Basic,58.1,90.9,4,12,22,1,1
1408,46,Premium,133.66,495.5,1,1,18,2,0
1409,39,Basic,37.82,403.4,2,1,51,1,1
1410,46,Standard,57.7,319.1,2,12,2,2,1
1411,33,Premium,116.2,225.5,1,1,32,1,0
1412,36,Basic,27.77,135.0,2,24,17,3,0
1413,47,Basic,37.89,90.7,1,1,1,1,0
1414,62,Standard,68.05,582.5,3,1,9,4,0
1415,66,Premium,98.39,143.8,4,12,13,1,0
1416,47,Basic,36.45,64.1,3,12,36,1,0
1417,53,Premium,95.45,578.2,3,12,37,3,0
1418,31,Basic,24.73,342.9,6,12,58,3,0
1419,37,Premium,131.66,484.1,2,12,30,1,0
1420,28,Premium,111.98,54.9,1,12,31,4,0
1421,38,Standard,59.77,353.2,4,1,23,1,0
1422,44,Standard,85.17,257.0,2,1,50,2,0
1423,47,Standard,68.0,470.0,3,1,28,1,0
1424,42,Standard,81.35,51.9,1,1,59,1,0
1425,43,Basic,30.44,259.0,2,1,10,2,0
1426,28,Basic,58.78,485.5,3,1,25,2,0
1427,35,Basic,49.39,327.9,1,24,36,2,0
1428,36,Standard,78.15,343.5,1,1,26,2,0
1429,28,Basic,54.12,85.4,5,1,26,4,0
1430,30,Standard,92.69,105.4,1,24,45,1,0
1431,29,Premium,123.16,415.9,1,1,13,1,0
1432,44,Basic,40.15,414.8,2,1,17,3,1
1433,50,Standard,73.06,588.1,2,1,40,1,0
1434,39,Standard,93.48,435.8,5,1,4,2,1
1435,52,Premium,123.91,311.1,1,1,23,2,1
1436,51,Premium,122.32,518.7,2,1,35,1,0
1437,60,Premium,102.93,89.5,4,24,11,4,0
1438,56,Premium,145.61,286.1,3,1,12,1,0
1439,39,Basic,45.14,193.7,2,1,9,1,0
1440,63,Premium,149.7,89.6,0,12,15,1,0
1441,60,Premium,118.1,465.2,3,1,45,1,0
1442,38,Basic,41.24,321.2,3,1,37,1,0
1443,35,Premium,100.76,347.4,1,24,5,2,0
1444,52,Basic,53.04,264.4,3,24,19,3,0
1445,45,Standard,65.18,292.4,6,24,11,3,0
1446,56,Basic,56.96,96.1,2,1,9,1,0
1447,65,Standard,91.66,413.6,1,24,35,1,0
1448,66,Standard,65.53,276.5,3,1,50,4,0
1449,55,Standard,64.03,495.6,1,1,27,1,0
1450,24,Standard,87.18,141.9,5,12,13,4,0
1451,58,Basic,44.77,146.9,1,12,57,3,0
1452,64,Premium,119.86,398.1,3,1,12,4,1
1453,61,Basic,47.55,512.2,2,12,9,1,0
1454,47,Standard,66.88,299.2,2,24,42,1,0
1455,44,Premium,134.4,444.4,3,1,28,2,1
1456,65,Premium,107.33,599.6,2,12,13,3,0
1457,60,Standard,70.13,594.5,1,1,20,1,1
1458,36,Premium,145.42,454.3,3,1,52,3,0
1459,25,Premium,125.81,451.6,2,1,13,1,0
1460,50,Premium,103.46,171.1,3,12,27,2,0
1461,43,Standard,63.13,505.1,1,1,26,3,1
1462,46,Basic,41.04,260.9,2,24,29,1,0
1463,34,Basic,50.37,578.3,1,24,29,1,0
1464,39,Basic,48.51,76.4,2,24,22,1,0
1465,54,Standard,55.44,278.4,2,1,9,1,0
1466,37,Basic,38.85,346.8,1,1,24,1,0
1467,66,Standard,79.1,260.9,4,1,42,1,0
1468,63,Basic,35.13,150.0,1,12,19,1,0
1469,65,Basic,40.69,368.0,3,24,38,3,0
1470,23,Premium,95.4,460.9,3,24,31,4,0
1471,56,Standard,59.78,397.6,2,12,39,2,0
1472,63,Basic,36.49,163.6,4,1,15,1,0
1473,55,Premium,116.96,447.0,1,24,54,1,0
1474,51,Basic,43.03,176.4,4,1,32,3,0
1475,34,Standard,77.98,129.9,2,1,51,2,0
1476,34,Premium,104.61,423.7,0,24,46,4,0
1477,39,Basic,34.42,510.4,5,12,48,1,0
1478,53,Premium,111.4,304.5,1,1,46,3,0
1479,53,Standard,76.75,332.9,3,1,29,2,0
1480,56,Standard,60.02,202.6,1,1,57,4,0
1481,60,Basic,28.28,311.9,2,12,52,2,0
1482,67,Basic,41.76,105.2,3,1,34,2,1
1483,50,Premium,124.0,574.8,1,24,9,2,0
1484,50,Basic,53.96,486.2,0,1,35,3,1
1485,65,Standard,85.63,410.7,1,12,6,1,0
1486,37,Standard,93.65,336.8,5,1,37,1,1
1487,65,Standard,83.3,481.5,3,1,14,2,1
1488,31,Basic,33.71,312.0,5,12,47,1,0
1489,51,Basic,24.46,201.0,2,12,50,2,0
1490,46,Standard,71.03,121.4,5,1,49,4,0
1491,60,Basic,43.26,399.1,4,12,9,2,0
1492,41,Basic,48.59,559.8,3,24,19,2,0
1493,26,Basic,29.61,117.6,2,1,23,2,0
1494,22,Standard,95.65,132.6,1,1,57,3,0
1495,51,Premium,105.76,277.2,1,1,41,4,0
1496,24,Basic,23.24,489.9,3,12,28,2,0
1497,66,Basic,55.06,197.5,3,1,16,2,0
1498,35,Basic,49.15,174.7,1,1,26,1,1
1499,51,Standard,72.08,383.4,5,12,38,1,0
1500,25,Standard,88.98,335.3,1,24,40,1,0
1501,39,Standard,85.25,64.3,5,1,25,1,0
1502,58,Premium,128.21,76.4,7,1,35,2,0
1503,46,Standard,59.45,396.5,3,12,54,2,0
1504,22,Premium,101.08,295.1,1,1,5,1,0
1505,67,Premium,142.42,583.5,3,1,7,4,1
1506,36,Basic,43.33,416.8,2,12,23,2,0
1507,30,Basic,43.16,35.7,2,24,25,2,0
1508,36,Basic,22.18,304.2,1,24,1,3,0
1509,45,Basic,32.56,266.2,4,1,22,2,0
1510,25,Premium,95.33,90.8,2,12,53,1,0
1511,33,Standard,72.2,556.2,0,1,4,3,0
1512,58,Basic,54.91,488.9,1,1,58,1,1
1513,58,Premium,114.63,161.1,3,24,28,2,0
1514,64,Standard,93.78,175.9,5,24,48,1,0
1515,27,Basic,47.66,48.3,0,1,59,2,0
1516,60,Basic,30.47,199.1,3,1,14,1,1
1517,67,Standard,62.15,363.2,4,1,33,3,0
1518,45,Premium,106.33,269.9,1,12,4,1,0
1519,32,Basic,27.61,582.5,2,24,42,3,0
1520,34,Basic,56.69,62.0,3,1,11,3,0
1521,55,Standard,80.62,367.1,0,1,39,1,0
1522,46,Basic,31.97,519.2,4,1,32,1,0
1523,28,Standard,89.07,304.0,3,1,4,3,0
1524,25,Standard,68.75,31.7,0,24,1,1,0
1525,29,Basic,49.0,168.4,2,24,26,1,0
1526,41,Premium,101.3,214.5,3,1,33,1,0
1527,50,Standard,55.21,580.6,2,1,17,2,1
1528,66,Basic,59.43,549.7,0,1,27,1,0
1529,67,Standard,68.07,571.0,3,12,42,1,0
1530,31,Premium,106.83,500.7,1,1,5,2,0
1531,64,Standard,61.62,230.4,3,12,7,1,0
1532,55,Basic,41.78,546.3,1,1,25,1,0
1533,47,Premium,125.63,589.6,1,1,8,4,0
1534,62,Standard,90.58,229.5,2,12,34,2,0
1535,24,Basic,37.84,178.5,3,1,41,1,0
1536,27,Basic,20.8,341.7,2,24,4,1,0
1537,26,Basic,22.5,136.7,2,12,12,2,0
1538,26,Premium,137.54,48.6,3,24,58,1,0
1539,44,Basic,43.34,569.1,0,1,31,4,0
1540,30,Basic,38.57,557.7,1,12,11,2,0
1541,56,Premium,125.91,122.7,3,1,37,4,0
1542,41,Basic,39.21,262.4,1,24,44,3,0
1543,63,Basic,46.47,503.7,1,12,59,2,0
1544,56,Basic,28.77,406.8,3,1,53,2,1
1545,39,Basic,24.51,255.0,5,1,36,3,0
1546,38,Basic,43.86,454.2,1,24,45,2,0
1547,45,Standard,96.99,541.3,2,24,22,1,0
1548,24,Basic,21.07,557.9,5,24,1,2,0
1549,53,Basic,35.22,245.9,5,24,50,1,0
1550,56,Premium,139.2,128.9,1,24,4,3,0
1551,59,Standard,95.63,550.3,3,12,36,2,0
1552,34,Standard,93.27,82.8,0,1,8,4,1
1553,46,Standard,73.64,441.4,1,1,25,2,0
1554,30,Basic,52.22,110.1,2,12,28,3,0
1555,25,Standard,58.4,252.0,3,1,52,1,0
1556,35,Standard,80.97,264.6,3,12,38,1,0
1557,58,Basic,41.43,120.5,2,1,36,4,0
1558,55,Premium,109.59,555.9,2,12,36,3,0
1559,32,Basic,47.23,31.5,5,1,43,2,0
1560,62,Premium,133.16,539.5,0,12,41,1,0
1561,24,Basic,40.44,533.8,2,12,46,2,0
1562,49,Premium,132.81,210.7,5,1,4,3,1
1563,50,Standard,60.96,431.4,2,24,13,1,0
1564,30,Premium,109.43,174.1,2,12,38,3,0
1565,24,Basic,34.32,462.5,1,24,45,1,0
1566,46,Standard,87.45,349.8,0,1,25,1,1
1567,55,Standard,70.87,201.1,3,1,3,3,0
1568,33,Standard,69.66,258.1,3,1,55,1,0
1569,63,Standard,76.27,423.2,2,1,32,1,0
1570,30,Standard,94.48,546.5,2,1,39,3,0
1571,36,Standard,56.81,104.5,4,1,1,3,0
1572,61,Basic,39.69,355.7,2,24,11,1,0
1573,46,Standard,71.6,174.6,3,24,2,4,0
1574,26,Basic,54.22,486.8,2,24,5,1,0
1575,32,Premium,130.33,70.0,1,24,56,4,0
1576,55,Standard,70.69,422.7,1,12,22,3,0
1577,45,Premium,125.73,129.7,4,12,46,1,0
1578,36,Basic,40.63,369.9,2,1,13,1,0
1579,59,Premium,100.31,506.3,4,1,48,1,0
1580,29,Premium,147.35,460.4,3,24,23,1,0
1581,26,Standard,75.5,459.2,1,24,47,2,0
1582,47,Standard,86.76,325.2,3,24,31,1,0
1583,39,Basic,44.57,537.7,3,24,35,1,0
1584,27,Premium,97.6,365.2,1,1,38,3,0
1585,58,Standard,84.76,553.0,3,12,41,1,0
1586,34,Basic,42.22,341.5,1,12,35,2,0
1587,49,Basic,43.36,318.4,1,24,45,1,0
1588,26,Premium,141.87,156.7,1,24,13,3,0
1589,34,Premium,125.76,340.5,0,12,54,2,0
1590,38,Premium,124.27,110.1,1,1,7,3,0
1591,61,Standard,92.61,525.7,2,1,5,1,1
1592,66,Basic,47.22,415.3,4,1,58,1,0
1593,53,Basic,30.96,596.4,1,24,29,1,0
1594,50,Basic,53.11,82.5,2,1,8,1,0
1595,24,Basic,49.59,167.2,3,1,8,1,0
1596,61,Basic,51.56,530.0,2,1,54,2,0
1597,55,Basic,24.76,255.3,3,24,7,2,0
1598,61,Standard,86.91,295.8,6,12,19,3,0
1599,48,Premium,99.96,520.6,3,12,39,2,0
1600,34,Standard,56.64,327.4,0,1,23,2,0
1601,66,Premium,128.92,140.3,1,1,36,4,0
1602,54,Standard,58.3,538.5,1,1,42,2,0
1603,27,Basic,48.17,47.7,2,24,32,2,0
1604,45,Basic,57.14,540.4,3,24,45,4,0
1605,40,Basic,49.55,58.8,2,12,4,4,0
1606,37,Basic,32.25,409.5,2,1,30,2,0
1607,61,Standard,93.64,70.9,3,24,51,2,0
1608,49,Basic,47.85,432.5,1,12,42,2,0
1609,54,Basic,27.71,49.4,1,1,39,3,0
1610,62,Basic,23.71,510.2,3,1,5,4,0
1611,34,Premium,139.44,295.6,1,12,3,1,0
1612,64,Premium,115.24,83.3,0,12,22,3,0
1613,66,Standard,55.13,432.9,3,24,28,2,0
1614,46,Basic,51.68,308.9,4,24,22,1,0
1615,63,Premium,110.48,138.8,4,1,22,3,0
1616,57,Premium,108.43,38.9,1,12,34,2,0
1617,48,Standard,83.63,268.3,5,1,29,1,0
1618,59,Premium,96.2,78.8,2,12,43,4,0
1619,28,Basic,48.3,83.7,1,12,42,2,0
1620,26,Premium,116.55,182.4,5,12,55,2,0
1621,64,Premium,126.74,389.4,3,24,13,3,0
1622,66,Basic,43.31,332.0,5,12,7,4,1
1623,52,Standard,93.83,69.3,3,24,10,3,0
1624,44,Premium,149.16,582.0,3,1,28,2,0
1625,63,Basic,48.85,535.7,4,1,4,2,0
1626,31,Standard,77.76,177.8,2,12,59,1,0
1627,53,Premium,118.37,99.7,1,24,32,2,0
1628,64,Standard,96.97,567.2,1,1,22,4,1
1629,51,Basic,20.99,292.9,0,1,20,3,0
1630,60,Standard,85.97,207.4,2,1,48,1,0
1631,52,Basic,36.32,309.5,1,12,20,1,0
1632,39,Standard,90.79,470.5,1,24,6,4,0
1633,57,Basic,25.45,126.0,3,12,9,3,1
1634,23,Standard,75.14,467.5,1,24,28,2,0
1635,35,Standard,92.32,457.2,5,24,13,2,0
1636,34,Standard,68.62,337.4,1,1,31,1,0
1637,50,Standard,76.05,523.5,3,12,39,3,0
1638,33,Standard,67.28,105.3,2,12,50,2,0
1639,60,Standard,75.86,369.4,4,24,14,2,0
1640,23,Basic,54.24,286.1,3,1,22,1,0
1641,53,Standard,75.48,270.7,1,1,37,2,0
1642,34,Basic,52.2,174.0,3,1,54,1,0
1643,67,Premium,111.26,242.2,2,12,45,4,0
1644,48,Basic,22.79,91.6,0,1,24,4,0
1645,62,Standard,55.68,173.4,2,12,8,3,0
1646,38,Standard,67.77,185.0,4,24,15,4,0
1647,61,Standard,74.65,440.8,2,1,51,2,0
1648,52,Basic,48.99,57.7,2,12,41,1,0
1649,55,Standard,75.25,401.2,4,24,6,3,0
1650,45,Standard,70.2,156.2,2,12,23,1,0
1651,66,Standard,72.46,76.7,4,1,25,2,0
1652,56,Basic,54.09,201.5,1,1,31,1,0
1653,27,Standard,96.6,157.9,3,12,46,2,0
1654,40,Standard,78.48,344.7,3,1,29,2,0
1655,51,Standard,55.6,233.7,2,12,23,1,0
1656,28,Standard,55.88,580.6,2,24,10,1,1
1657,31,Standard,98.78,579.2,4,12,9,2,0
1658,62,Basic,46.91,282.9,1,1,49,3,0
1659,53,Basic,33.49,483.2,2,1,13,2,0
1660,55,Basic,27.18,37.6,0,24,32,1,0
1661,49,Basic,31.25,342.3,2,24,49,2,0
1662,36,Standard,94.35,453.7,0,12,51,3,0
1663,51,Standard,80.7,153.7,4,1,45,2,0
1664,58,Basic,51.32,64.9,1,12,41,1,0
1665,50,Premium,136.02,118.9,5,1,1,4,1
1666,43,Basic,38.27,281.9,2,1,1,1,0
1667,25,Premium,136.13,318.6,2,1,37,1,1
1668,41,Standard,68.4,247.1,4,1,40,2,1
1669,53,Basic,30.21,280.8,1,1,18,1,0
1670,57,Basic,53.12,298.0,0,1,36,4,0
1671,25,Standard,78.59,468.6,5,1,31,1,0
1672,48,Basic,59.25,90.0,1,12,54,1,0
1673,38,Premium,97.28,468.3,1,12,1,1,0
1674,33,Standard,99.76,422.5,1,1,47,2,0
1675,43,Premium,96.91,452.7,1,24,52,1,0
1676,38,Basic,37.0,448.6,1,1,36,1,0
1677,31,Standard,75.35,298.2,1,1,57,1,0
1678,22,Standard,56.94,150.5,4,1,9,2,0
1679,43,Standard,68.93,335.9,4,12,22,3,0
1680,47,Basic,57.75,576.0,2,1,56,2,0
1681,39,Standard,92.73,365.5,5,1,28,2,1
1682,35,Standard,84.44,36.3,1,12,26,1,0
1683,50,Standard,67.39,64.0,1,12,52,3,0
1684,33,Basic,44.67,595.9,3,12,10,2,0
1685,57,Premium,123.75,71.0,3,24,56,1,0
1686,56,Basic,33.85,56.2,6,24,47,2,0
1687,33,Premium,101.86,231.2,4,1,3,2,1
1688,28,Premium,105.36,582.5,4,1,2,1,0
1689,50,Premium,114.3,211.6,4,24,54,1,0
1690,32,Standard,76.87,263.6,2,12,37,1,0
1691,54,Standard,84.88,391.4,3,12,56,3,0
1692,27,Premium,118.8,43.7,0,1,31,1,0
1693,36,Basic,59.73,541.7,2,1,33,2,0
1694,53,Standard,87.58,326.1,1,1,32,1,0
1695,32,Standard,64.54,296.1,1,1,43,1,0
1696,44,Standard,59.73,520.6,0,1,12,1,0
1697,47,Basic,31.38,573.3,3,1,58,1,0
1698,55,Standard,62.13,271.4,5,12,3,1,1
1699,67,Premium,129.31,128.3,2,1,55,2,0
1700,55,Basic,47.41,495.0,1,1,48,2,0
1701,50,Premium,117.12,259.9,2,1,26,3,1
1702,25,Basic,28.06,563.3,2,1,14,1,1
1703,38,Basic,30.61,571.4,2,1,12,3,0
1704,56,Basic,26.79,95.5,3,1,52,4,0
1705,34,Basic,23.83,575.2,6,1,26,1,1
1706,62,Premium,118.55,239.9,3,12,16,4,0
1707,60,Basic,24.53,398.4,3,1,53,1,0
1708,36,Standard,81.28,49.8,3,12,8,2,0
1709,50,Basic,41.89,536.7,1,24,49,1,0
1710,50,Standard,89.45,395.7,2,12,49,2,0
1711,32,Standard,58.14,396.8,2,1,28,2,0
1712,53,Basic,32.7,544.2,0,1,7,1,0
1713,23,Basic,28.81,319.8,2,12,15,3,0
1714,35,Premium,108.75,264.0,3,24,41,2,0
1715,41,Basic,24.09,523.7,2,24,36,2,0
1716,43,Standard,79.94,453.2,2,1,8,4,0
1717,32,Basic,56.25,570.9,1,12,10,4,0
1718,48,Premium,108.88,565.9,2,24,15,4,0
1719,24,Basic,41.31,247.9,1,24,55,3,0
1720,38,Standard,96.3,284.8,0,12,18,1,0
1721,65,Basic,47.8,175.9,0,1,46,1,0
1722,49,Premium,138.63,406.6,4,1,37,1,1
1723,50,Basic,35.76,237.8,3,12,41,4,0
1724,42,Premium,146.63,478.1,0,12,45,1,0
1725,37,Standard,84.53,99.3,0,24,57,1,0
1726,58,Basic,21.41,96.3,3,24,51,1,0
1727,41,Premium,96.72,146.5,2,1,43,1,0
1728,27,Basic,52.08,78.0,4,12,44,1,0
1729,40,Premium,129.81,383.4,5,1,35,2,0
1730,26,Premium,118.09,114.0,1,12,2,1,0
1731,24,Premium,122.95,121.2,3,12,55,2,0
1732,22,Basic,48.77,38.1,4,1,22,3,1
1733,59,Premium,140.88,475.8,0,1,15,3,0
1734,36,Standard,68.78,493.0,2,1,37,1,0
1735,55,Premium,105.19,122.4,3,1,39,4,0
1736,56,Standard,65.77,451.5,2,24,36,3,0
1737,46,Premium,140.01,277.1,1,1,5,1,0
1738,45,Standard,91.92,166.6,1,1,57,3,0
1739,33,Standard,81.29,384.2,1,1,48,3,0
1740,39,Basic,45.02,131.7,3,24,15,2,0
1741,36,Premium,106.58,461.4,1,1,27,1,0
1742,65,Standard,87.89,57.1,2,1,16,2,0
1743,37,Standard,67.95,576.7,2,12,57,3,0
1744,48,Premium,125.63,71.0,1,1,36,1,0
1745,29,Standard,58.15,360.3,3,1,38,2,0
1746,67,Basic,59.82,544.3,0,12,18,1,0
1747,46,Standard,77.48,36.8,0,1,35,2,0
1748,38,Standard,74.73,314.2,0,24,25,1,0
1749,50,Standard,82.5,229.5,5,12,22,1,0
1750,29,Basic,53.89,360.8,2,12,56,3,0
1751,36,Basic,28.24,158.5,5,1,31,3,0
1752,48,Basic,58.08,67.0,2,24,59,1,0
1753,67,Standard,67.42,386.8,3,12,37,2,0
1754,28,Basic,59.43,267.6,4,1,34,2,0
1755,24,Standard,91.8,384.8,1,1,23,3,0
1756,50,Premium,96.67,150.0,1,12,16,2,0
1757,65,Basic,32.72,223.1,2,24,6,2,0
1758,45,Standard,71.04,350.2,0,24,59,4,0
1759,24,Premium,128.07,368.1,0,12,15,3,0
1760,41,Premium,125.03,242.2,0,12,18,1,0
1761,67,Standard,84.37,189.6,1,1,38,2,0
1762,36,Standard,75.52,186.0,2,12,13,2,0
1763,46,Premium,95.47,129.6,2,24,24,3,0
1764,51,Standard,69.61,215.5,1,12,13,1,0
1765,35,Premium,105.53,143.7,1,1,1,2,0
1766,28,Basic,24.83,391.3,2,1,48,1,0
1767,38,Premium,104.97,354.4,3,1,36,1,0
1768,65,Standard,76.85,248.1,3,12,49,1,0
1769,41,Standard,76.51,215.7,1,24,18,2,0
1770,57,Basic,39.52,165.4,2,1,48,1,0
1771,30,Standard,62.91,335.2,1,1,33,2,0
1772,59,Basic,23.97,553.8,2,12,38,2,0
1773,43,Premium,149.13,420.9,2,24,43,2,0
1774,23,Premium,140.75,454.3,1,1,6,2,0
1775,45,Basic,28.61,505.6,0,1,17,1,0
1776,29,Premium,125.5,230.4,0,1,4,1,0
1777,32,Premium,141.37,65.8,3,12,14,3,0
1778,34,Standard,91.44,384.9,2,24,30,2,0
1779,38,Basic,21.3,137.5,0,1,46,3,0
1780,29,Basic,29.42,354.4,2,12,20,2,0
1781,42,Basic,32.41,451.5,1,12,8,1,0
1782,39,Basic,35.97,476.7,2,12,54,3,0
1783,51,Premium,122.81,202.0,1,1,2,1,0
1784,39,Basic,28.14,322.1,3,24,37,4,1
1785,67,Premium,143.23,384.0,3,12,4,1,0
1786,52,Basic,56.74,497.1,4,12,10,2,1
1787,59,Standard,58.72,464.0,2,12,20,1,0
1788,53,Premium,123.17,593.1,0,24,56,3,0
1789,32,Premium,117.24,34.6,2,12,53,4,0
1790,66,Basic,29.56,279.4,1,1,35,1,0
1791,46,Standard,74.74,175.9,1,1,48,1,0
1792,54,Standard,89.21,98.3,0,1,10,1,0
1793,59,Basic,54.02,549.6,1,1,28,3,0
1794,62,Basic,49.63,598.8,1,24,15,1,0
1795,29,Standard,95.61,132.9,1,24,36,2,0
1796,32,Standard,94.25,51.9,3,1,1,1,0
1797,43,Standard,58.21,186.8,4,1,22,3,0
1798,45,Basic,43.72,505.9,2,1,27,2,0
1799,62,Standard,90.17,197.5,1,24,29,3,0
1800,38,Standard,59.66,62.4,0,1,15,3,0
1801,33,Standard,59.83,59.9,2,12,10,1,0
1802,67,Premium,108.58,273.6,2,24,20,2,0
1803,53,Standard,55.51,561.1,1,1,22,2,1
1804,36,Premium,129.9,193.0,2,24,50,2,0
1805,37,Basic,31.57,273.5,1,1,48,1,0
1806,43,Standard,74.74,88.1,6,12,53,3,0
1807,49,Basic,46.55,311.3,0,1,59,4,0
1808,41,Standard,98.56,427.0,0,1,9,4,1
1809,54,Standard,66.48,184.6,1,24,56,3,0
1810,31,Premium,122.58,199.1,3,12,51,2,0
1811,61,Basic,43.09,509.9,1,1,32,1,0
1812,53,Standard,80.63,35.9,2,1,17,1,0
1813,54,Standard,70.44,392.8,3,1,42,2,0
1814,23,Basic,33.56,254.5,1,12,19,1,0
1815,54,Basic,51.83,200.1,3,1,40,1,0
1816,54,Basic,23.1,404.8,2,24,27,3,0
1817,62,Basic,31.29,505.8,4,1,51,4,0
1818,34,Basic,43.41,348.3,2,1,37,4,0
1819,51,Basic,30.26,47.7,2,24,34,1,0
1820,54,Basic,57.36,293.0,3,12,47,4,0
1821,34,Standard,86.31,293.8,0,24,49,1,0
1822,47,Standard,62.41,340.0,1,12,59,2,0
1823,43,Premium,101.96,412.4,4,1,10,2,1
1824,60,Standard,98.57,41.0,1,12,30,2,0
1825,23,Premium,95.81,316.1,2,1,21,4,0
1826,59,Premium,141.26,365.3,3,1,21,1,1
1827,60,Standard,81.99,225.7,2,1,54,2,0
1828,47,Standard,86.29,411.0,2,12,34,1,0
1829,67,Premium,108.03,160.1,1,1,9,3,0
1830,36,Basic,41.45,210.9,2,1,34,2,0
1831,55,Basic,48.69,578.8,3,1,50,3,0
1832,63,Standard,79.09,228.4,3,1,12,2,0
1833,65,Standard,62.61,227.5,4,1,47,2,0
1834,61,Basic,31.8,369.5,2,1,21,2,0
1835,32,Premium,117.1,583.5,1,1,57,1,0
1836,24,Standard,92.49,590.4,0,1,20,2,0
1837,27,Standard,96.82,360.4,1,1,6,4,0
1838,30,Premium,106.9,30.6,5,24,50,3,0
1839,27,Standard,72.77,543.4,1,12,45,1,0
1840,30,Premium,136.66,355.0,2,12,36,1,0
1841,60,Standard,99.2,238.6,2,24,12,2,0
1842,52,Basic,21.22,502.6,1,1,41,3,0
1843,53,Premium,109.44,257.9,3,1,31,1,0
1844,62,Standard,90.36,49.4,3,24,2,3,0
1845,33,Premium,137.47,498.0,3,12,16,4,0
1846,29,Premium,118.91,341.1,3,24,1,2,0
1847,29,Premium,113.19,222.7,4,24,4,1,0
1848,49,Standard,69.7,173.0,3,1,47,4,0
1849,41,Premium,137.09,368.5,0,24,52,2,0
1850,28,Standard,58.58,148.6,0,24,1,2,0
1851,32,Standard,57.19,214.6,1,1,52,1,1
1852,41,Premium,147.65,392.8,2,24,47,2,0
1853,37,Basic,46.03,532.5,1,1,35,2,0
1854,25,Standard,95.3,333.7,3,12,13,2,0
1855,27,Premium,132.26,462.7,0,1,50,1,0
1856,43,Standard,60.55,464.9,1,1,45,3,0
1857,47,Standard,61.64,408.7,1,12,42,1,0
1858,24,Premium,99.21,170.1,1,1,31,1,0
1859,62,Standard,58.23,524.1,3,12,20,2,0
1860,63,Premium,148.71,278.7,3,12,56,3,0
1861,35,Basic,23.01,55.2,1,1,7,1,0
1862,32,Basic,35.03,169.4,1,1,57,1,0
1863,39,Basic,52.82,466.4,1,12,40,2,0
1864,33,Standard,84.66,69.4,3,24,33,2,0
1865,44,Standard,57.27,114.0,3,12,28,2,0
1866,33,Premium,140.39,425.7,2,12,50,1,0
1867,34,Standard,94.65,538.8,3,12,44,1,0
1868,46,Standard,78.74,391.2,1,1,50,3,0
1869,66,Basic,30.19,156.7,3,12,56,2,0
1870,40,Standard,93.55,60.4,1,24,44,3,0
1871,67,Standard,96.75,380.6,0,12,20,2,0
1872,57,Basic,40.86,57.0,3,1,32,2,0
1873,66,Basic,24.99,379.3,1,12,9,4,0
1874,29,Basic,58.46,158.6,0,12,34,1,0
1875,50,Basic,45.44,545.7,3,12,14,2,0
1876,53,Standard,79.63,300.8,5,12,4,1,1
1877,65,Basic,23.17,157.6,4,12,29,1,0
1878,39,Standard,83.92,516.3,3,1,15,1,0
1879,27,Premium,131.77,174.8,1,1,17,1,0
1880,39,Standard,95.31,204.8,0,24,19,4,0
1881,40,Premium,95.98,505.5,3,1,38,2,0
1882,43,Standard,70.71,206.0,3,24,9,3,0
1883,58,Standard,98.48,263.8,3,1,27,2,0
1884,53,Premium,96.45,228.2,1,1,49,2,0
1885,62,Basic,42.48,96.3,4,12,15,1,0
1886,24,Premium,109.23,52.2,0,24,37,2,0
1887,49,Basic,44.38,443.0,3,12,28,2,0
1888,31,Standard,85.15,397.7,1,1,50,1,0
1889,56,Basic,51.68,190.9,3,1,55,3,0
1890,50,Standard,66.55,198.5,4,12,4,1,0
1891,36,Standard,87.13,568.7,2,1,21,2,1
1892,54,Standard,76.6,593.0,1,1,56,2,0
1893,28,Basic,56.35,299.9,1,12,34,4,0
1894,33,Basic,51.41,487.4,0,12,19,1,0
1895,51,Basic,39.5,449.9,4,1,59,2,0
1896,42,Basic,57.81,199.5,4,1,37,2,0
1897,52,Premium,125.53,63.4,3,1,58,1,0
1898,45,Basic,57.24,111.3,0,1,4,2,0
1899,41,Premium,128.12,507.8,0,12,37,1,0
1900,58,Premium,122.12,446.8,3,24,51,1,0
1901,25,Basic,55.62,408.7,2,1,32,1,0
1902,49,Standard,60.4,104.5,0,1,45,3,0
1903,65,Basic,38.89,394.8,1,1,48,1,1
1904,41,Basic,32.97,470.1,1,24,12,2,0
1905,45,Basic,58.09,520.5,3,1,41,1,0
1906,53,Standard,82.35,37.5,5,24,56,1,1
1907,62,Standard,73.12,420.2,3,1,16,1,1
1908,57,Standard,64.35,40.9,3,1,14,2,1
1909,55,Standard,91.6,432.9,1,1,54,1,0
1910,57,Basic,35.69,392.3,1,12,1,1,0
1911,23,Standard,84.77,114.6,2,12,52,3,0
1912,36,Premium,104.8,466.7,1,12,55,2,0
1913,55,Basic,34.31,69.0,3,1,58,1,0
1914,57,Basic,22.56,501.0,1,1,32,2,0
1915,27,Standard,79.92,179.3,1,1,21,1,0
1916,60,Basic,24.61,422.6,6,1,4,2,0
1917,63,Standard,57.53,556.5,2,1,9,1,0
1918,33,Basic,38.89,223.7,4,12,56,1,0
1919,24,Basic,48.52,316.6,1,1,51,1,0
1920,66,Basic,35.72,294.0,0,1,46,1,0
1921,39,Basic,30.35,119.8,1,1,22,3,0
1922,61,Standard,63.78,366.5,3,1,12,1,0
1923,42,Standard,98.23,453.5,5,12,30,1,1
1924,36,Premium,113.91,552.6,5,1,30,2,1
1925,54,Premium,133.16,515.0,2,1,32,2,0
1926,56,Standard,92.34,320.7,4,24,36,1,0
1927,47,Premium,120.97,439.8,1,1,7,1,0
1928,29,Basic,44.41,486.4,3,1,17,1,1
1929,57,Standard,60.77,311.3,4,24,1,1,0
1930,51,Standard,60.53,95.8,1,1,14,1,1
1931,44,Basic,20.96,279.6,3,24,47,1,0
1932,63,Standard,85.4,510.2,4,1,44,2,0
1933,65,Basic,47.53,370.1,1,12,44,4,0
1934,35,Standard,80.05,442.9,4,12,38,2,0
1935,35,Premium,125.84,135.6,2,24,26,1,0
1936,23,Premium,107.56,579.7,1,12,27,2,0
1937,58,Standard,62.3,260.3,1,12,45,2,0
1938,26,Standard,99.32,402.6,0,12,16,3,0
1939,59,Standard,58.42,40.8,2,1,46,2,0
1940,66,Standard,85.55,102.6,1,12,7,2,0
1941,62,Basic,22.23,475.8,1,1,32,1,1
1942,35,Standard,87.25,581.7,0,12,25,2,0
1943,60,Standard,86.77,212.4,1,12,31,1,0
1944,46,Premium,105.37,51.2,0,24,16,1,0
1945,41,Standard,67.13,235.7,3,12,55,1,0
1946,23,Standard,84.46,40.0,3,24,41,2,0
1947,60,Standard,72.55,139.7,1,1,58,2,0
1948,27,Standard,63.75,458.9,2,1,14,4,0
1949,38,Standard,87.93,564.1,3,12,25,1,0
1950,46,Basic,46.72,79.8,2,12,30,1,0
1951,49,Standard,93.5,348.0,5,12,56,3,1
1952,23,Premium,108.49,174.7,2,12,7,4,0
1953,56,Standard,59.76,109.3,3,1,12,2,1
1954,58,Basic,20.55,154.8,5,12,3,1,0
1955,26,Standard,78.36,359.3,1,1,27,2,0
1956,22,Premium,142.46,67.1,0,1,46,1,0
1957,61,Basic,29.59,277.5,0,1,19,3,1
1958,33,Premium,137.79,107.1,7,12,43,3,0
1959,57,Premium,122.12,185.4,1,12,37,1,0
1960,66,Standard,62.36,138.7,3,1,55,3,0
1961,44,Premium,130.97,533.3,2,12,45,2,0
1962,52,Premium,145.74,433.6,2,1,42,4,0
1963,32,Premium,98.12,525.0,3,24,7,4,0
1964,31,Standard,85.77,248.6,3,12,49,1,0
1965,24,Basic,50.02,208.6,1,1,16,1,0
1966,35,Basic,29.44,246.9,1,24,32,2,0
1967,37,Standard,92.86,40.6,3,1,8,4,0
1968,31,Basic,27.42,443.1,1,12,49,4,1
1969,50,Standard,82.85,229.4,1,1,13,2,1
1970,31,Premium,143.35,208.6,2,1,11,1,0
1971,33,Premium,139.7,370.9,4,12,20,1,0
1972,51,Standard,56.09,278.7,2,1,18,3,0
1973,62,Premium,113.65,589.1,0,24,37,2,0
1974,22,Premium,98.88,233.1,5,1,6,2,0
1975,26,Standard,58.6,379.9,3,1,20,2,0
1976,41,Basic,29.77,207.6,2,12,32,3,0
1977,29,Standard,81.52,594.6,1,1,46,3,1
1978,64,Standard,80.2,283.7,6,12,44,1,0
1979,33,Standard,88.25,391.5,3,24,29,1,0
1980,22,Standard,91.57,102.2,0,12,4,2,0
1981,41,Basic,25.26,447.8,2,1,7,4,0
1982,49,Standard,55.83,183.4,3,12,43,1,0
1983,64,Premium,123.96,285.7,3,24,20,1,0
1984,58,Standard,68.56,533.4,5,1,34,1,0
1985,58,Premium,104.92,583.2,1,12,36,1,0
1986,33,Premium,141.28,272.0,3,1,7,1,1
1987,58,Premium,95.61,505.8,1,24,33,2,0
1988,65,Premium,112.17,60.4,3,12,15,1,0
1989,49,Premium,95.69,513.1,2,24,52,2,0
1990,36,Standard,78.09,388.8,3,24,32,1,0
1991,27,Basic,32.92,308.6,1,1,22,1,0
1992,65,Standard,69.97,537.3,5,1,56,2,0
1993,41,Standard,58.2,511.8,0,1,40,2,1
1994,35,Basic,26.92,199.3,3,1,29,1,0
1995,23,Basic,30.67,481.1,3,12,25,3,0
1996,30,Premium,97.9,86.7,4,24,5,1,0
1997,58,Premium,98.26,499.0,3,1,14,1,0
1998,41,Premium,111.79,415.0,2,12,50,2,1
1999,47,Standard,85.96,80.1,2,24,35,3,0
2000,50,Basic,25.56,419.4,4,1,2,2,0
